profile,abbrev,hmm.name,family.name,family.name.base,definition,funct,where.it.occurs,is.custom,custom.hmm.exists
profile001,ST,DNA_Packaging_2,PF11123.3,PF11123,DNA packaging protein,Small terminase subunit,All tailed phages,FALSE,FALSE
profile002,ST,DUF1441,PF07278.6,PF07278,Protein of unknown function (DUF1441),Small terminase subunit,All tailed phages,FALSE,FALSE
profile003,ST,DUF1804,PF08822.6,PF08822,Protein of unknown function (DUF1804),Small terminase subunit,All tailed phages,FALSE,FALSE
profile004,ST,DUF3486,PF11985.3,PF11985,Protein of unknown function (DUF3486),Small terminase subunit,All tailed phages,FALSE,FALSE
profile005,ST,Phage_Nu1,PF07471.7,PF07471,Phage DNA packaging protein Nu1,Small terminase subunit,All tailed phages,FALSE,FALSE
profile006,ST,Phage_terminase,PF10668.4,PF10668,Phage terminase small subunit,Small terminase subunit,All tailed phages,FALSE,FALSE
profile007,ST,Phage_term_sma,PF07141.6,PF07141,Putative bacteriophage terminase small subunit,Small terminase subunit,All tailed phages,FALSE,FALSE
profile008,ST,Phage_term_smal,PF05944.7,PF05944,Phage small terminase subunit,Small terminase subunit,All tailed phages,FALSE,FALSE
profile009,ST,Terminase_2,PF03592.11,PF03592,Terminase small subunit,Small terminase subunit,All tailed phages,FALSE,FALSE
profile010,ST,Terminase_4,PF05119.7,PF05119,Phage terminase  small subunit,Small terminase subunit,All tailed phages,FALSE,FALSE
profile011,ST,TIGR01558,TIGR01558,TIGR01558,"",Small terminase subunit,All tailed phages,FALSE,FALSE
profile012,ST,U_ST_Fam5,U_ST_phiC2,U_ST_phiC2,U_ST_phiC2,Small terminase subunit,All tailed phages,TRUE,TRUE
profile013,ST,U_ST_Fam1,U_ST_CP130,U_ST_CP130,U_ST_CP130,Small terminase subunit,All tailed phages,TRUE,TRUE
profile014,ST,U_ST_Fam2,U_ST_SP4929,U_ST_SP4929,U_ST_SP4929,Small terminase subunit,All tailed phages,TRUE,TRUE
profile015,ST,U_ST_Fam3,U_ST_R4,U_ST_R4,U_ST_R4,Small terminase subunit,All tailed phages,TRUE,TRUE
profile016,ST,U_ST_Fam7,U_ST_HK97,U_ST_HK97,U_ST_HK97,Small terminase subunit,All tailed phages,TRUE,TRUE
profile018,ST,U_ST_Fam4,U_ST_StphBac,U_ST_StphBac,U_ST_StphBac,Small terminase subunit,All tailed phages,TRUE,TRUE
profile019,ST,U_ST_Fam8,U_ST_SPyo,U_ST_SPyo,U_ST_SPyo,Small terminase subunit,All tailed phages,TRUE,TRUE
profile020,LT,Podovirus_Gp16,PF05894.7,PF05894,Podovirus DNA encapsidation protein (Gp16),Large terminase subunit,All tailed phages,FALSE,FALSE
profile021,LT,Terminase_1,PF03354.10,PF03354,Phage Terminase,Large terminase subunit,All tailed phages,FALSE,FALSE
profile022,LT,Terminase_3,PF04466.8,PF04466,Phage terminase large subunit,Large terminase subunit,All tailed phages,FALSE,FALSE
profile023,LT,Terminase_6,PF03237.10,PF03237,Terminase-like family,Large terminase subunit,All tailed phages,FALSE,FALSE
profile024,LT,Terminase_GpA,PF05876.7,PF05876,Phage terminase large subunit (GpA),Large terminase subunit,All tailed phages,FALSE,FALSE
profile027,LW,gpW,PF02831.10,PF02831,gpW,Head-Tail joining-Lambda gpW-like,All tailed phages,FALSE,FALSE
profile028,LW,U_LW_Fam1,U_LW_mEP043,U_LW_mEP043,U_LW_mEP043,Head-Tail joining-Lambda gpW-like,All tailed phages,TRUE,TRUE
profile029,LW,U_LW_Fam2,U_LW_Brady,U_LW_Brady,U_LW_Brady,Head-Tail joining-Lambda gpW-like,All tailed phages,TRUE,TRUE
profile031,PO,DUF1073,PF06381.6,PF06381,Protein of unknown function (DUF1073),Portal,All tailed phages,FALSE,FALSE
profile032,PO,DUF935,PF06074.7,PF06074,Protein of unknown function (DUF935),Portal,All tailed phages,FALSE,FALSE
profile033,PO,Head-tail_con,PF12236.3,PF12236,Bacteriophage head to tail connecting protein,Portal,All tailed phages,FALSE,FALSE
profile034,PO,Phage_connector,PF05352.7,PF05352,Phage Connector (GP10),Portal,All tailed phages,FALSE,FALSE
profile035,PO,Phage_portal,PF04860.7,PF04860,Phage portal protein,Portal,All tailed phages,FALSE,FALSE
profile036,PO,Phage_portal_2,PF05136.8,PF05136,Phage portal protein  lambda family,Portal,All tailed phages,FALSE,FALSE
profile037,PO,Phage_prot_Gp6,PF05133.9,PF05133,Phage portal protein  SPP1 Gp6-like,Portal,All tailed phages,FALSE,FALSE
profile038,PO,Phage_T4_Gp20,PF07230.6,PF07230,Bacteriophage T4-like capsid assembly protein (Gp20),Portal,All tailed phages,FALSE,FALSE
profile039,PO,DUF4055,PF13264.1,PF13264,Domain of unknown function (DUF4055),Portal,All tailed phages,FALSE,FALSE
profile040,PO,U_PO_Fam1,U_PodoPO_Aln,U_PodoPO_Aln,U_PodoPO_Aln,Portal,All tailed phages,TRUE,TRUE
profile041,PO,U_PO_Fam5,U_PO-Myco1,U_PO-Myco1,U_PO-Myco1,Portal,All tailed phages,TRUE,TRUE
profile042,PO,U_PO_Fam3,U_PO_CR3,U_PO_CR3,U_PO_CR3,Portal,All tailed phages,TRUE,TRUE
profile043,PO,U_PO_Fam2,U_PO_933W,U_PO_933W,U_PO_933W,Portal,All tailed phages,TRUE,TRUE
profile044,PO,U_PO_Fam4,U_PO_T1,U_PO_T1,U_PO_T1,Portal,All tailed phages,TRUE,TRUE
profile045,S7,Phage_min_cap2,PF06152.6,PF06152,Phage minor capsid protein 2,"Involved in DNA ejection, similar to SPP1 gp7 and Mu gpF",All tailed phages,FALSE,FALSE
profile046,S7,Phage_Mu_F,PF04233.9,PF04233,Phage Mu protein F like protein,"Involved in DNA ejection, similar to SPP1 gp7 and Mu gpF",All tailed phages,FALSE,FALSE
profile052,HP,CLP_protease,PF00574.18,PF00574,Clp protease,Head protease,All tailed phages,FALSE,FALSE
profile053,HP,DUF2213,PF09979.4,PF09979,Uncharacterized protein conserved in bacteria (DUF2213),Head protease,All tailed phages,FALSE,FALSE
profile054,HP,Mu-like_Pro,PF10123.4,PF10123,Mu-like prophage I protein,Head protease,All tailed phages,FALSE,FALSE
profile055,HP,Peptidase_S49,PF01343.13,PF01343,Peptidase family S49,Head protease,All tailed phages,FALSE,FALSE
profile056,HP,Peptidase_U35,PF04586.12,PF04586,Caudovirus prohead protease,Head protease,All tailed phages,FALSE,FALSE
profile057,HP,Peptidase_U9,PF03420.8,PF03420,Prohead core protein protease,Head protease,All tailed phages,FALSE,FALSE
profile058,HP,U_HP_Fam2,U_HP_BcepN,U_HP_BcepN,U_HP_BcepN,Head protease,All tailed phages,TRUE,TRUE
profile059,HP,U_HP_Fam4,U_HP_SetP3,U_HP_SetP3,U_HP_SetP3,Head protease,All tailed phages,TRUE,TRUE
profile060,HP,U_HP_Fam5,U_HP_IME,U_HP_IME,U_HP_IME,Head protease,All tailed phages,TRUE,TRUE
profile061,HP,U_HP_Fam10,U_DU,U_DU,U_DU,Head protease,All tailed phages,TRUE,TRUE
profile062,HP,U_HP_Fam11,U_HP_CD27-N,U_HP_CD27-N,U_HP_CD27-N,Head protease,All tailed phages,TRUE,TRUE
profile063,HP,U_HP_Fam6,U_Mulike_Protease,U_Mulike_Protease,U_Mulike_Protease,Head protease,All tailed phages,TRUE,TRUE
profile064,HP,U_HP_Fam8,U_Mulike_protease_2,U_Mulike_protease_2,U_Mulike_protease_2,Head protease,All tailed phages,TRUE,TRUE
profile065,HP,U_HP_Fam3,U_P2lke_Protease,U_P2lke_Protease,U_P2lke_Protease,Head protease,All tailed phages,TRUE,TRUE
profile066,HP,U_HP_Fam7,U_Peptidase_S78_2,U_Peptidase_S78_2,U_Peptidase_S78_2,Head protease,All tailed phages,TRUE,TRUE
profile067,HP,U_HP_Fam1,U_Peptidase_S78,U_Peptidase_S78,U_Peptidase_S78,Head protease,All tailed phages,TRUE,TRUE
profile068,HP,U_HP_Fam9,U_HP_EntV583,U_HP_EntV583,U_HP_EntV583,Head protease,All tailed phages,TRUE,TRUE
profile069,HS,Phage-scaffold,PF09306.5,PF09306,Bacteriophage  scaffolding protein,Head scaffold,All tailed phages,FALSE,FALSE
profile070,HS,Phage_GP20,PF06810.6,PF06810,Phage minor structural protein GP20,Head scaffold,All tailed phages,FALSE,FALSE
profile071,HS,Phage_GPO,PF05929.6,PF05929,Phage capsid scaffolding protein (GPO) serine peptidase,Head scaffold,All tailed phages,FALSE,FALSE
profile072,HS,Phage_T7_Capsid,PF05396.6,PF05396,Phage T7 capsid assembly protein,Head scaffold,All tailed phages,FALSE,FALSE
profile073,HS,Scaffolding_pro,PF11418.3,PF11418,Phi29 scaffolding protein,Head scaffold,All tailed phages,FALSE,FALSE
profile074,HS,DUF4355,PF14265.1,PF14265,Domain of unknown function (DUF4355),Head scaffold,All tailed phages,FALSE,FALSE
profile075,HS,U_HS_Fam1,U_HP_BPP1,U_HP_BPP1,U_HP_BPP1,Head scaffold,All tailed phages,TRUE,TRUE
profile076,HS,U_HS_Fam8,U_HP_K1,U_HP_K1,U_HP_K1,Head scaffold,All tailed phages,TRUE,TRUE
profile077,HS,U_HS_Fam7,U_HP_KMV,U_HP_KMV,U_HP_KMV,Head scaffold,All tailed phages,TRUE,TRUE
profile078,HS,U_HS_Fam11,U_HP_SPN,U_HP_SPN,U_HP_SPN,Head scaffold,All tailed phages,TRUE,TRUE
profile079,HS,U_HS_Fam9,U_Podo_Morph1,U_Podo_Morph1,U_Podo_Morph1,Head scaffold,All tailed phages,TRUE,TRUE
profile080,HS,U_HS_Fam14,U_HP_Sf6,U_HP_Sf6,U_HP_Sf6,Head scaffold,All tailed phages,TRUE,TRUE
profile081,HS,U_HS_Fam6,U_LM_Scaffold,U_LM_Scaffold,U_LM_Scaffold,Head scaffold,All tailed phages,TRUE,TRUE
profile082,HS,U_HS_Fam5,U_HK97similr_Scaffold,U_HK97similr_Scaffold,U_HK97similr_Scaffold,Head scaffold,All tailed phages,TRUE,TRUE
profile083,HS,U_HS_Fam10,U_putative_scaffold,U_putative_scaffold,U_putative_scaffold,Head scaffold,All tailed phages,TRUE,TRUE
profile084,HS,U_HS_Fam2,U_HS_HK97-2,U_HS_HK97-2,U_HS_HK97-2,Head scaffold,All tailed phages,TRUE,TRUE
profile085,HS,U_HS_Fam12,U_GP20_2,U_GP20_2,U_GP20_2,Head scaffold,All tailed phages,TRUE,TRUE
profile086,HS,U_HS_Fam13,U_T5likescaffold,U_T5likescaffold,U_T5likescaffold,Head scaffold,All tailed phages,TRUE,TRUE
profile087,HS,U_HS_Fam3,U_HS_HP_HK97,U_HS_HP_HK97,U_HS_HP_HK97,Head scaffold,All tailed phages,TRUE,TRUE
profile088,HS,U_HS_Fam4,U_HP_Podo,U_HP_Podo,U_HP_Podo,Head scaffold,All tailed phages,TRUE,TRUE
profile089,HD,DUF2190,PF09956.4,PF09956,Uncharacterized conserved protein (DUF2190),"Head decoration, lambda gpD-like",All tailed phages,FALSE,FALSE
profile090,HD,HDPD,PF02924.9,PF02924,Bacteriophage lambda head decoration protein D,"Head decoration, lambda gpD-like",All tailed phages,FALSE,FALSE
profile091,HD,Phage_head_fibr,PF11133.3,PF11133,Head fiber protein,"Head decoration, lambda gpD-like",All tailed phages,FALSE,FALSE
profile092,HD,U_HD_Fam8,U_HD_D3112,U_HD_D3112,U_HD_D3112,"Head decoration, lambda gpD-like",All tailed phages,TRUE,TRUE
profile093,HD,U_HD_Fam5,U_HD_T1,U_HD_T1,U_HD_T1,"Head decoration, lambda gpD-like",All tailed phages,TRUE,TRUE
profile094,HD,U_HD_Fam1,U_HD_Phi297,U_HD_Phi297,U_HD_Phi297,"Head decoration, lambda gpD-like",All tailed phages,TRUE,TRUE
profile095,HD,U_HD_Fam9,U_HD_Delft,U_HD_Delft,U_HD_Delft,"Head decoration, lambda gpD-like",All tailed phages,TRUE,TRUE
profile096,HD,U_HD_Fam4,U_HD_Avium,U_HD_Avium,U_HD_Avium,"Head decoration, lambda gpD-like",All tailed phages,TRUE,TRUE
profile097,HD,U_HD_Fam3,U_HD_Dp-1,U_HD_Dp-1,U_HD_Dp-1,"Head decoration, lambda gpD-like",All tailed phages,TRUE,TRUE
profile098,HD,U_HD_Fam2,U_HD_RDLJ,U_HD_RDLJ,U_HD_RDLJ,"Head decoration, lambda gpD-like",All tailed phages,TRUE,TRUE
profile099,HD,U_HD_Fam7,U_HD_BPP1,U_HD_BPP1,U_HD_BPP1,"Head decoration, lambda gpD-like",All tailed phages,TRUE,TRUE
profile100,HD,U_HD_Fam6,U_HD_BPP1-2,U_HD_BPP1-2,U_HD_BPP1-2,"Head decoration, lambda gpD-like",All tailed phages,TRUE,TRUE
profile101,MH,DUF2184,PF09950.4,PF09950,Uncharacterized protein conserved in bacteria (DUF2184),Major head,All tailed phages,FALSE,FALSE
profile102,MH,Gp23,PF07068.6,PF07068,Major capsid protein Gp23,Major head,All tailed phages,FALSE,FALSE
profile103,MH,Linocin_M18,PF04454.7,PF04454,Encapsulating protein for peroxidase,Major head,All tailed phages,FALSE,FALSE
profile104,MH,L_lactis_ph-MCP,PF06673.6,PF06673,Lactococcus lactis bacteriophage major capsid protein,Major head,All tailed phages,FALSE,FALSE
profile105,MH,Mu-like_gpT,PF10124.4,PF10124,Mu-like prophage major head subunit gpT,Major head,All tailed phages,FALSE,FALSE
profile106,MH,P22_CoatProtein,PF11651.3,PF11651,P22 coat protein - gene protein 5,Major head,All tailed phages,FALSE,FALSE
profile107,MH,Phage_capsid,PF05065.8,PF05065,Phage capsid family,Major head,All tailed phages,FALSE,FALSE
profile108,MH,Phage_cap_E,PF03864.10,PF03864,Phage major capsid protein E,Major head,All tailed phages,FALSE,FALSE
profile109,MH,Phage_cap_P2,PF05125.7,PF05125,Phage major capsid protein  P2 family,Major head,All tailed phages,FALSE,FALSE
profile110,MH,DUF4043,PF13252.1,PF13252,Protein of unknown function (DUF4043),Major head,All tailed phages,FALSE,FALSE
profile111,MH,U_MH_Fam15,U_PPDcapsids1,U_PPDcapsids1,U_PPDcapsids1,Major head,All tailed phages,TRUE,TRUE
profile112,MH,U_MH_Fam3,U_PPD_BJ1capsids,U_PPD_BJ1capsids,U_PPD_BJ1capsids,Major head,All tailed phages,TRUE,TRUE
profile113,MH,U_MH_Fam18,U_PPD_BCJA1cCapsids,U_PPD_BCJA1cCapsids,U_PPD_BCJA1cCapsids,Major head,All tailed phages,TRUE,TRUE
profile114,MH,U_MH_Fam13,U_PPD_IEBHcapsids,U_PPD_IEBHcapsids,U_PPD_IEBHcapsids,Major head,All tailed phages,TRUE,TRUE
profile115,MH,U_MH_Fam7,U_PPD_SPP1capsids,U_PPD_SPP1capsids,U_PPD_SPP1capsids,Major head,All tailed phages,TRUE,TRUE
profile116,MH,U_MH_Fam19,U_MH_N4,U_MH_N4,U_MH_N4,Major head,All tailed phages,TRUE,TRUE
profile117,MH,U_MH_Fam2,U_MH_KMV,U_MH_KMV,U_MH_KMV,Major head,All tailed phages,TRUE,TRUE
profile118,MH,U_MH_Fam14,U_MH_LBL3,U_MH_LBL3,U_MH_LBL3,Major head,All tailed phages,TRUE,TRUE
profile119,MH,U_MH_Fam6,U_MH_Epsilon,U_MH_Epsilon,U_MH_Epsilon,Major head,All tailed phages,TRUE,TRUE
profile120,MH,U_MH_Fam8,U_MH_P9,U_MH_P9,U_MH_P9,Major head,All tailed phages,TRUE,TRUE
profile121,MH,U_MH_Fam4,U_MH_Giles,U_MH_Giles,U_MH_Giles,Major head,All tailed phages,TRUE,TRUE
profile122,MH,U_MH_Fam16,U_MH_phi297,U_MH_phi297,U_MH_phi297,Major head,All tailed phages,TRUE,TRUE
profile123,MH,U_MH_Fam23,U_MH_CD27,U_MH_CD27,U_MH_CD27,Major head,All tailed phages,TRUE,TRUE
profile124,MH,U_MH_Fam22,U_MH_Streptomyc1,U_MH_Streptomyc1,U_MH_Streptomyc1,Major head,All tailed phages,TRUE,TRUE
profile125,MH,U_MH_Fam21,U_MH_B124-14,U_MH_B124-14,U_MH_B124-14,Major head,All tailed phages,TRUE,TRUE
profile126,MH,U_MH_Fam20,U_MH_Spo1,U_MH_Spo1,U_MH_Spo1,Major head,All tailed phages,TRUE,TRUE
profile127,MH,U_MH_Fam9,U_MH_T1,U_MH_T1,U_MH_T1,Major head,All tailed phages,TRUE,TRUE
profile128,MH,U_MH_Fam17,U_MH_HK,U_MH_HK,U_MH_HK,Major head,All tailed phages,TRUE,TRUE
profile129,MH,U_MH_Fam12,U_MH_PaP3,U_MH_PaP3,U_MH_PaP3,Major head,All tailed phages,TRUE,TRUE
profile130,MH,U_MH_Fam24,U_MH_AHJD,U_MH_AHJD,U_MH_AHJD,Major head,All tailed phages,TRUE,TRUE
profile131,MH,U_MH_Fam11,U_MH_Sodalis,U_MH_Sodalis,U_MH_Sodalis,Major head,All tailed phages,TRUE,TRUE
profile132,MH,U_MH_Fam10,U_MH_Adjutor,U_MH_Adjutor,U_MH_Adjutor,Major head,All tailed phages,TRUE,TRUE
profile133,MH,U_MH_Fam1,U_HS_Mirablis,U_HS_Mirablis,U_HS_Mirablis,Major head,All tailed phages,TRUE,TRUE
profile134,MH,U_MH_Fam5,U_MH_Temperate,U_MH_Temperate,U_MH_Temperate,Major head,All tailed phages,TRUE,TRUE
profile135,PC,Rho_N,PF07498.7,PF07498,Rho termination factor  N-terminal domain,"Packaging chaperone, lambda gpFI-like",All tailed phages,FALSE,FALSE
profile136,PC,SAP,PF02037.22,PF02037,SAP domain,"Packaging chaperone, lambda gpFI-like",All tailed phages,FALSE,FALSE
profile137,PC,Packaging_FI,PF14000.1,PF14000,DNA packaging protein FI,"Packaging chaperone, lambda gpFI-like",All tailed phages,FALSE,FALSE
profile138,PC,U_PC_Fam1,U_PC_TP901,U_PC_TP901,U_PC_TP901,"Packaging chaperone, lambda gpFI-like",All tailed phages,TRUE,TRUE
profile139,PC,U_PC_Fam2,U_PC_DMS3,U_PC_DMS3,U_PC_DMS3,"Packaging chaperone, lambda gpFI-like",All tailed phages,TRUE,TRUE
profile140,PC,U_PC_Fam7,U_PC_N1,U_PC_N1,U_PC_N1,"Packaging chaperone, lambda gpFI-like",All tailed phages,TRUE,TRUE
profile141,PC,U_PC_Fam6,U_PC_T1,U_PC_T1,U_PC_T1,"Packaging chaperone, lambda gpFI-like",All tailed phages,TRUE,TRUE
profile142,PC,U_PC_Fam5,U_PC_Bcls,U_PC_Bcls,U_PC_Bcls,"Packaging chaperone, lambda gpFI-like",All tailed phages,TRUE,TRUE
profile143,PC,U_PC_Fam4,U_PC_Lstra,U_PC_Lstra,U_PC_Lstra,"Packaging chaperone, lambda gpFI-like",All tailed phages,TRUE,TRUE
profile144,PC,U_PC_Fam8,U_PC_Unique,U_PC_Unique,U_PC_Unique,"Packaging chaperone, lambda gpFI-like",All tailed phages,TRUE,TRUE
profile145,PC,U_PC_Fam3,U_PC_StrpP,U_PC_StrpP,U_PC_StrpP,"Packaging chaperone, lambda gpFI-like",All tailed phages,TRUE,TRUE
profile146,C1,DUF1320,PF07030.7,PF07030,Protein of unknown function (DUF1320),"Head-tail joining, similar to HK97 gp6, SPP1 gp15",Long-tailed phages,FALSE,FALSE
profile147,C1,DUF3199,PF11436.3,PF11436,Protein of unknown function (DUF3199),"Head-tail joining, similar to HK97 gp6, SPP1 gp15",Long-tailed phages,FALSE,FALSE
profile148,C1,Phage_connect_1,PF05135.8,PF05135,Phage gp6-like head-tail connector protein,"Head-tail joining, similar to HK97 gp6, SPP1 gp15",Long-tailed phages,FALSE,FALSE
profile149,C1,Phage_Gp19,PF09355.5,PF09355,Phage protein Gp19/Gp15/Gp42,"Head-tail joining, similar to HK97 gp6, SPP1 gp15",Long-tailed phages,FALSE,FALSE
profile150,C1,Phage_GPL,PF05926.6,PF05926,Phage head completion protein (GPL),"Head-tail joining, similar to HK97 gp6, SPP1 gp15",Long-tailed phages,FALSE,FALSE
profile151,C1,DUF4054,PF13262.1,PF13262,Protein of unknown function (DUF4054),"Head-tail joining, similar to HK97 gp6, SPP1 gp15",Long-tailed phages,FALSE,FALSE
profile152,C1,U_C1_Fam4,U_C1_73,U_C1_73,U_C1_73,"Head-tail joining, similar to HK97 gp6, SPP1 gp15",Long-tailed phages,TRUE,TRUE
profile153,C1,U_C1_Fam1,U_CI_Azo,U_CI_Azo,U_CI_Azo,"Head-tail joining, similar to HK97 gp6, SPP1 gp15",Long-tailed phages,TRUE,TRUE
profile154,C1,U_C1_Fam8,U_C1_T1,U_C1_T1,U_C1_T1,"Head-tail joining, similar to HK97 gp6, SPP1 gp15",Long-tailed phages,TRUE,TRUE
profile155,C1,U_C1_Fam6,U_C1_T2,U_C1_T2,U_C1_T2,"Head-tail joining, similar to HK97 gp6, SPP1 gp15",Long-tailed phages,TRUE,TRUE
profile156,C1,U_C1_Fam7,U_C1_Lstra,U_C1_Lstra,U_C1_Lstra,"Head-tail joining, similar to HK97 gp6, SPP1 gp15",Long-tailed phages,TRUE,TRUE
profile157,C1,U_C1_Fam9,U_C1_Strp,U_C1_Strp,U_C1_Strp,"Head-tail joining, similar to HK97 gp6, SPP1 gp15",Long-tailed phages,TRUE,TRUE
profile158,C1,U_C1_Fam5,U_C1_Clstrdm,U_C1_Clstrdm,U_C1_Clstrdm,"Head-tail joining, similar to HK97 gp6, SPP1 gp15",Long-tailed phages,TRUE,TRUE
profile159,C1,U_C1_Fam2,U_C1_CombinedA,U_C1_CombinedA,U_C1_CombinedA,"Head-tail joining, similar to HK97 gp6, SPP1 gp15",Long-tailed phages,TRUE,TRUE
profile160,C1,U_C1_Fam3,U_C1_Combined2,U_C1_Combined2,U_C1_Combined2,"Head-tail joining, similar to HK97 gp6, SPP1 gp15",Long-tailed phages,TRUE,TRUE
profile161,C2,DUF3599,PF12206.3,PF12206,Domain of unknown function (DUF3599),"Head-tail joining, similar to HK97 gp7, SPP1 gp16",Long-tailed phages,FALSE,FALSE
profile162,C2,Minor_capsid_1,PF10665.4,PF10665,Minor capsid protein,"Head-tail joining, similar to HK97 gp7, SPP1 gp16",Long-tailed phages,FALSE,FALSE
profile163,C2,Phage_attach,PF05354.6,PF05354,Phage Head-Tail Attachment,"Head-tail joining, similar to HK97 gp7, SPP1 gp16",Long-tailed phages,FALSE,FALSE
profile164,C2,Phage_H_T_join,PF05521.6,PF05521,Phage head-tail joining protein,"Head-tail joining, similar to HK97 gp7, SPP1 gp16",Long-tailed phages,FALSE,FALSE
profile165,C2,Gifsy-2,PF13856.1,PF13856,ATP-binding sugar transporter from pro-phage,"Head-tail joining, similar to HK97 gp7, SPP1 gp16",Long-tailed phages,FALSE,FALSE
profile166,C2,U_C2_Fam2,U_C2_73,U_C2_73,U_C2_73,"Head-tail joining, similar to HK97 gp7, SPP1 gp16",Long-tailed phages,TRUE,TRUE
profile167,C2,U_C2_Fam1,U_HK022_gp8,U_HK022_gp8,U_HK022_gp8,"Head-tail joining, similar to HK97 gp7, SPP1 gp16",Long-tailed phages,TRUE,TRUE
profile168,C2,U_C2_Fam3,U_HK022_gp8_2,U_HK022_gp8_2,U_HK022_gp8_2,"Head-tail joining, similar to HK97 gp7, SPP1 gp16",Long-tailed phages,TRUE,TRUE
profile169,C2,U_C2_Fam5,U_C2_N2,U_C2_N2,U_C2_N2,"Head-tail joining, similar to HK97 gp7, SPP1 gp16",Long-tailed phages,TRUE,TRUE
profile170,C2,U_C2_Fam8,U_C2_N3,U_C2_N3,U_C2_N3,"Head-tail joining, similar to HK97 gp7, SPP1 gp16",Long-tailed phages,TRUE,TRUE
profile171,C2,U_C2_Fam10,U_C2_Unique,U_C2_Unique,U_C2_Unique,"Head-tail joining, similar to HK97 gp7, SPP1 gp16",Long-tailed phages,TRUE,TRUE
profile172,C2,U_C2_Fam4,U_C2_HK2,U_C2_HK2,U_C2_HK2,"Head-tail joining, similar to HK97 gp7, SPP1 gp16",Long-tailed phages,TRUE,TRUE
profile173,C2,U_C2_Fam11,U_C2_HKBcls,U_C2_HKBcls,U_C2_HKBcls,"Head-tail joining, similar to HK97 gp7, SPP1 gp16",Long-tailed phages,TRUE,TRUE
profile174,C2,U_C2_Fam6,U_C2_Myco,U_C2_Myco,U_C2_Myco,"Head-tail joining, similar to HK97 gp7, SPP1 gp16",Long-tailed phages,TRUE,TRUE
profile175,C2,U_C2_Fam7,U_C2_CorynB,U_C2_CorynB,U_C2_CorynB,"Head-tail joining, similar to HK97 gp7, SPP1 gp16",Long-tailed phages,TRUE,TRUE
profile176,C2,U_C2_Fam9,U_C2_CombinedA,U_C2_CombinedA,U_C2_CombinedA,"Head-tail joining, similar to HK97 gp7, SPP1 gp16",Long-tailed phages,TRUE,TRUE
profile177,TC,DUF646,PF04883.7,PF04883,Bacteriophage protein of unknown function (DUF646),"Tail completion, similar to lambda gpZ, Mu gpG, P2 gpS",Long-tailed phages,FALSE,FALSE
profile178,TC,Minor_capsid_2,PF11114.3,PF11114,Minor capsid protein,"Tail completion, similar to lambda gpZ, Mu gpG, P2 gpS",Long-tailed phages,FALSE,FALSE
profile179,TC,Minor_tail_Z,PF06763.6,PF06763,Prophage minor tail protein Z (GPZ),"Tail completion, similar to lambda gpZ, Mu gpG, P2 gpS",Long-tailed phages,FALSE,FALSE
profile180,TC,Phage_tail_S,PF05069.8,PF05069,Phage virion morphogenesis family,"Tail completion, similar to lambda gpZ, Mu gpG, P2 gpS",Long-tailed phages,FALSE,FALSE
profile181,TC,TIGR01635,TIGR01635,TIGR01635,"","Tail completion, similar to lambda gpZ, Mu gpG, P2 gpS",Long-tailed phages,FALSE,FALSE
profile182,TC,U_TC_Fam12,U_TC_Sfv,U_TC_Sfv,U_TC_Sfv,"Tail completion, similar to lambda gpZ, Mu gpG, P2 gpS",Long-tailed phages,TRUE,TRUE
profile183,TC,U_TC_Fam6,U_TC_N3,U_TC_N3,U_TC_N3,"Tail completion, similar to lambda gpZ, Mu gpG, P2 gpS",Long-tailed phages,TRUE,TRUE
profile184,TC,U_TC_Fam8,U_TC_N5,U_TC_N5,U_TC_N5,"Tail completion, similar to lambda gpZ, Mu gpG, P2 gpS",Long-tailed phages,TRUE,TRUE
profile185,TC,U_TC_Fam5,U_TC_T6,U_TC_T6,U_TC_T6,"Tail completion, similar to lambda gpZ, Mu gpG, P2 gpS",Long-tailed phages,TRUE,TRUE
profile186,TC,U_TC_Fam1,U_TC_T7,U_TC_T7,U_TC_T7,"Tail completion, similar to lambda gpZ, Mu gpG, P2 gpS",Long-tailed phages,TRUE,TRUE
profile187,TC,U_TC_Fam13,U_TC_BCP,U_TC_BCP,U_TC_BCP,"Tail completion, similar to lambda gpZ, Mu gpG, P2 gpS",Long-tailed phages,TRUE,TRUE
profile188,TC,U_TC_Fam11,U_TC_HKLstr,U_TC_HKLstr,U_TC_HKLstr,"Tail completion, similar to lambda gpZ, Mu gpG, P2 gpS",Long-tailed phages,TRUE,TRUE
profile189,TC,U_TC_Fam14,U_TC_Clostr,U_TC_Clostr,U_TC_Clostr,"Tail completion, similar to lambda gpZ, Mu gpG, P2 gpS",Long-tailed phages,TRUE,TRUE
profile190,TC,U_TC_Fam3,U_TC_HKCombinedA,U_TC_HKCombinedA,U_TC_HKCombinedA,"Tail completion, similar to lambda gpZ, Mu gpG, P2 gpS",Long-tailed phages,TRUE,TRUE
profile191,TC,U_TC_Fam4,U_TC_HKCombinedB,U_TC_HKCombinedB,U_TC_HKCombinedB,"Tail completion, similar to lambda gpZ, Mu gpG, P2 gpS",Long-tailed phages,TRUE,TRUE
profile192,TC,U_TC_Fam9,U_TC_ShwenBal,U_TC_ShwenBal,U_TC_ShwenBal,"Tail completion, similar to lambda gpZ, Mu gpG, P2 gpS",Long-tailed phages,TRUE,TRUE
profile193,TC,U_TC_Fam10,U_TC_P23-45,U_TC_P23-45,U_TC_P23-45,"Tail completion, similar to lambda gpZ, Mu gpG, P2 gpS",Long-tailed phages,TRUE,TRUE
profile194,TC,U_TC_Fam2,U_TC_F10,U_TC_F10,U_TC_F10,"Tail completion, similar to lambda gpZ, Mu gpG, P2 gpS",Long-tailed phages,TRUE,TRUE
profile195,TC,U_TC_Fam6,U_TC_Pestis_2,U_TC_Pestis_2,U_TC_Pestis_2,"Tail completion, similar to lambda gpZ, Mu gpG, P2 gpS",Long-tailed phages,TRUE,TRUE
profile196,TR,DUF1834,PF08873.6,PF08873,Domain of unknown function (DUF1834),Tail terminator,Long-tailed phages,FALSE,FALSE
profile197,TR,DUF3168,PF11367.3,PF11367,Protein of unknown function (DUF3168),Tail terminator,Long-tailed phages,FALSE,FALSE
profile198,TR,DUF806,PF05657.6,PF05657,Protein of unknown function (DUF806),Tail terminator,Long-tailed phages,FALSE,FALSE
profile199,TR,Gp37,PF09646.5,PF09646,Gp37 protein,Tail terminator,Long-tailed phages,FALSE,FALSE
profile200,TR,Minor_capsid_3,PF12691.2,PF12691,Minor capsid protein from bacteriophage,Tail terminator,Long-tailed phages,FALSE,FALSE
profile201,TR,P2_Phage_GpR,PF06891.6,PF06891,P2 phage tail completion protein R (GpR),Tail terminator,Long-tailed phages,FALSE,FALSE
profile202,TR,Phage_tail_U,PF06141.6,PF06141,Phage minor tail protein U,Tail terminator,Long-tailed phages,FALSE,FALSE
profile203,TR,DUF4128,PF13554.1,PF13554,Bacteriophage related domain of unknown function,Tail terminator,Long-tailed phages,FALSE,FALSE
profile204,TR,U_TR_Fam2,U_TR_DMS3,U_TR_DMS3,U_TR_DMS3,Tail terminator,Long-tailed phages,TRUE,TRUE
profile205,TR,U_TR_Fam6,U_TR_BcepB1,U_TR_BcepB1,U_TR_BcepB1,Tail terminator,Long-tailed phages,TRUE,TRUE
profile206,TR,U_TR_Fam1,U_TR_Che8,U_TR_Che8,U_TR_Che8,Tail terminator,Long-tailed phages,TRUE,TRUE
profile207,TR,U_TR_Fam9,U_TR_phi297,U_TR_phi297,U_TR_phi297,Tail terminator,Long-tailed phages,TRUE,TRUE
profile208,TR,U_TR_Fam15,U_TR_CD38,U_TR_CD38,U_TR_CD38,Tail terminator,Long-tailed phages,TRUE,TRUE
profile209,TR,U_TR_Fam11,U_DUF5072,U_DUF5072,U_DUF5072,Tail terminator,Long-tailed phages,TRUE,TRUE
profile211,TR,U_TR_Fam10,U_TR_N3,U_TR_N3,U_TR_N3,Tail terminator,Long-tailed phages,TRUE,TRUE
profile212,TR,U_TR_Fam18,U_TR_Unique,U_TR_Unique,U_TR_Unique,Tail terminator,Long-tailed phages,TRUE,TRUE
profile213,TR,U_TR_Fam16,U_TR_HK,U_TR_HK,U_TR_HK,Tail terminator,Long-tailed phages,TRUE,TRUE
profile214,TR,U_TR_Fam14,U_TR_PrpnBac,U_TR_PrpnBac,U_TR_PrpnBac,Tail terminator,Long-tailed phages,TRUE,TRUE
profile215,TR,U_TR_Fam13,U_TR_Myco,U_TR_Myco,U_TR_Myco,Tail terminator,Long-tailed phages,TRUE,TRUE
profile216,TR,U_TR_Fam5,U_TR_CombinedA,U_TR_CombinedA,U_TR_CombinedA,Tail terminator,Long-tailed phages,TRUE,TRUE
profile217,TR,U_TR_Fam7,U_TR_CombinedB,U_TR_CombinedB,U_TR_CombinedB,Tail terminator,Long-tailed phages,TRUE,TRUE
profile218,TR,U_TR_Fam3,U_TR_CombinedC,U_TR_CombinedC,U_TR_CombinedC,Tail terminator,Long-tailed phages,TRUE,TRUE
profile219,TR,U_TR_Fam4,U_TR_T4gp15,U_TR_T4gp15,U_TR_T4gp15,Tail terminator,Long-tailed phages,TRUE,TRUE
profile220,TR,U_TR_Fam8,U_TR_FL3A,U_TR_FL3A,U_TR_FL3A,Tail terminator,Long-tailed phages,TRUE,TRUE
profile221,TR,U_TR_Fam17,U_TR_Spo1,U_TR_Spo1,U_TR_Spo1,Tail terminator,Long-tailed phages,TRUE,TRUE
profile222,TT,DUF2001,PF09393.5,PF09393,Protein of unknown function (DUF2001),Tail tube,Long-tailed phages,FALSE,FALSE
profile223,TT,DUF2597,PF10772.4,PF10772,Protein of unknown function (DUF2597),Tail tube,Long-tailed phages,FALSE,FALSE
profile224,TT,DUF3277,PF11681.3,PF11681,Protein of unknown function (DUF3277),Tail tube,Long-tailed phages,FALSE,FALSE
profile225,TT,L_lac_phage_MSP,PF06488.6,PF06488,Lactococcus lactis bacteriophage major structural protein,Tail tube,Long-tailed phages,FALSE,FALSE
profile226,TT,Phage_T4_gp19,PF06841.7,PF06841,T4-like virus tail tube protein gp19,Tail tube,Long-tailed phages,FALSE,FALSE
profile227,TT,Phage_tail,PF04630.7,PF04630,Phage major tail protein,Tail tube,Long-tailed phages,FALSE,FALSE
profile228,TT,Phage_tail_2,PF06199.6,PF06199,Phage major tail protein 2,Tail tube,Long-tailed phages,FALSE,FALSE
profile229,TT,Phage_tail_3,PF08813.6,PF08813,Phage tail protein,Tail tube,Long-tailed phages,FALSE,FALSE
profile230,TT,Phage_tube,PF04985.9,PF04985,Phage tail tube protein FII,Tail tube,Long-tailed phages,FALSE,FALSE
profile231,TT,Tail_tube,PF10618.4,PF10618,Phage tail tube protein,Tail tube,Long-tailed phages,FALSE,FALSE
profile232,TT,TIGR01603,TIGR01603,TIGR01603,"",Tail tube,Long-tailed phages,FALSE,FALSE
profile233,TT,TIGR02126,TIGR02126,TIGR02126,"",Tail tube,Long-tailed phages,FALSE,FALSE
profile234,TT,U_Spo1_TT,U_Spo1_TT,U_Spo1_TT,U_Spo1_TT,Tail tube,Long-tailed phages,TRUE,TRUE
profile235,TT,U_F8-2_TT,U_F8-2_TT,U_F8-2_TT,U_F8-2_TT,Tail tube,Long-tailed phages,TRUE,TRUE
profile236,TT,U_Bcep781_TT,U_Bcep781_TT,U_Bcep781_TT,U_Bcep781_TT,Tail tube,Long-tailed phages,TRUE,TRUE
profile237,TT,U_A118_TT,U_A118_TT,U_A118_TT,U_A118_TT,Tail tube,Long-tailed phages,TRUE,TRUE
profile238,TT,U_MP22_TT,U_MP22_TT,U_MP22_TT,U_MP22_TT,Tail tube,Long-tailed phages,TRUE,TRUE
profile239,TT,U_D3_TT,U_D3_TT,U_D3_TT,U_D3_TT,Tail tube,Long-tailed phages,TRUE,TRUE
profile240,TT,U_TT_YuA,U_TT_YuA,U_TT_YuA,U_TT_YuA,Tail tube,Long-tailed phages,TRUE,TRUE
profile241,TT,U_TT_BFK20,U_TT_BFK20,U_TT_BFK20,U_TT_BFK20,Tail tube,Long-tailed phages,TRUE,TRUE
profile242,TT,U_TT_KS10,U_TT_KS10,U_TT_KS10,U_TT_KS10,Tail tube,Long-tailed phages,TRUE,TRUE
profile243,TT,U_TT_MSW-3,U_TT_MSW-3,U_TT_MSW-3,U_TT_MSW-3,Tail tube,Long-tailed phages,TRUE,TRUE
profile244,TT,U_TT_GAP32,U_TT_GAP32,U_TT_GAP32,U_TT_GAP32,Tail tube,Long-tailed phages,TRUE,TRUE
profile245,TT,U_TT_P23-45,U_TT_P23-45,U_TT_P23-45,U_TT_P23-45,Tail tube,Long-tailed phages,TRUE,TRUE
profile246,TT,U_TT_Bdphi1422,U_TT_Bdphi1422,U_TT_Bdphi1422,U_TT_Bdphi1422,Tail tube,Long-tailed phages,TRUE,TRUE
profile247,TT,U_TT_phiCP130,U_TT_phiCP130,U_TT_phiCP130,U_TT_phiCP130,Tail tube,Long-tailed phages,TRUE,TRUE
profile248,TT,U_TT_R4,U_TT_R4,U_TT_R4,U_TT_R4,Tail tube,Long-tailed phages,TRUE,TRUE
profile249,TT,U_TT_RcapMu,U_TT_RcapMu,U_TT_RcapMu,U_TT_RcapMu,Tail tube,Long-tailed phages,TRUE,TRUE
profile250,TT,U_TT_CD38,U_TT_CD38,U_TT_CD38,U_TT_CD38,Tail tube,Long-tailed phages,TRUE,TRUE
profile251,TT,U_TT_T1,U_TT_T1,U_TT_T1,U_TT_T1,Tail tube,Long-tailed phages,TRUE,TRUE
profile252,TT,U_TT_T2,U_TT_T2,U_TT_T2,U_TT_T2,Tail tube,Long-tailed phages,TRUE,TRUE
profile253,TT,U_TT_T3,U_TT_T3,U_TT_T3,U_TT_T3,Tail tube,Long-tailed phages,TRUE,TRUE
profile254,TT,U_TT_Listeria,U_TT_Listeria,U_TT_Listeria,U_TT_Listeria,Tail tube,Long-tailed phages,TRUE,TRUE
profile255,TT,U_TT_Myco,U_TT_Myco,U_TT_Myco,U_TT_Myco,Tail tube,Long-tailed phages,TRUE,TRUE
profile256,TT,U_TT_StrpPG,U_TT_StrpPG,U_TT_StrpPG,U_TT_StrpPG,Tail tube,Long-tailed phages,TRUE,TRUE
profile257,TG,DUF1268,PF06896.6,PF06896,Protein of unknown function (DUF1268),"Tape measure chaperone, lambda gpG-like",Long-tailed phages,FALSE,FALSE
profile258,TG,DUF1789,PF08748.6,PF08748,Domain of unknown function (DUF1789),"Tape measure chaperone, lambda gpG-like",Long-tailed phages,FALSE,FALSE
profile259,TG,DUF2376,PF09550.5,PF09550,Conserved hypothetical phage protein (DUF2376),"Tape measure chaperone, lambda gpG-like",Long-tailed phages,FALSE,FALSE
profile260,TG,DUF2669,PF10876.3,PF10876,Protein of unknown function (DUF2669),"Tape measure chaperone, lambda gpG-like",Long-tailed phages,FALSE,FALSE
profile261,TG,DUF2765,PF10963.3,PF10963,Protein of unknown function (DUF2765),"Tape measure chaperone, lambda gpG-like",Long-tailed phages,FALSE,FALSE
profile262,TG,DUF3356,PF11836.3,PF11836,Protein of unknown function (DUF3356),"Tape measure chaperone, lambda gpG-like",Long-tailed phages,FALSE,FALSE
profile263,TG,DUF3647,PF12363.3,PF12363,Phage protein,"Tape measure chaperone, lambda gpG-like",Long-tailed phages,FALSE,FALSE
profile264,TG,FluMu_gp41,PF10109.4,PF10109,Mu-like prophage FluMu protein gp41,"Tape measure chaperone, lambda gpG-like",Long-tailed phages,FALSE,FALSE
profile265,TG,Phage_Gp14,PF10666.4,PF10666,Phage protein Gp14,"Tape measure chaperone, lambda gpG-like",Long-tailed phages,FALSE,FALSE
profile266,TG,Phage_lambd_GpG,PF06894.6,PF06894,Bacteriophage lambda minor tail protein (GpG),"Tape measure chaperone, lambda gpG-like",Long-tailed phages,FALSE,FALSE
profile267,TG,XkdN,PF08890.6,PF08890,Phage XkdN-like protein,"Tape measure chaperone, lambda gpG-like",Long-tailed phages,FALSE,FALSE
profile268,TG,TIGR01674,TIGR01674,TIGR01674,"","Tape measure chaperone, lambda gpG-like",Long-tailed phages,FALSE,FALSE
profile269,TG,TIGR02216,TIGR02216,TIGR02216,"","Tape measure chaperone, lambda gpG-like",Long-tailed phages,FALSE,FALSE
profile270,TG,U_TG_New1,U_TG_New1,U_TG_New1,U_TG_New1,"Tape measure chaperone, lambda gpG-like",Long-tailed phages,TRUE,TRUE
profile271,TG,U_TG_New2,U_TG_New2,U_TG_New2,U_TG_New2,"Tape measure chaperone, lambda gpG-like",Long-tailed phages,TRUE,TRUE
profile272,TG,U_TG_Unique,U_TG_Unique,U_TG_Unique,U_TG_Unique,"Tape measure chaperone, lambda gpG-like",Long-tailed phages,TRUE,TRUE
profile273,TG,U_TG_T3,U_TG_T3,U_TG_T3,U_TG_T3,"Tape measure chaperone, lambda gpG-like",Long-tailed phages,TRUE,TRUE
profile274,TG,U_TG_T5,U_TG_T5,U_TG_T5,U_TG_T5,"Tape measure chaperone, lambda gpG-like",Long-tailed phages,TRUE,TRUE
profile275,TG,U_TG_BCP,U_TG_BCP,U_TG_BCP,U_TG_BCP,"Tape measure chaperone, lambda gpG-like",Long-tailed phages,TRUE,TRUE
profile276,TG,U_TG_HK,U_TG_HK,U_TG_HK,U_TG_HK,"Tape measure chaperone, lambda gpG-like",Long-tailed phages,TRUE,TRUE
profile277,TG,U_TG_BCls,U_TG_BCls,U_TG_BCls,U_TG_BCls,"Tape measure chaperone, lambda gpG-like",Long-tailed phages,TRUE,TRUE
profile278,TG,U_TG_PVC1,U_TG_PVC1,U_TG_PVC1,U_TG_PVC1,"Tape measure chaperone, lambda gpG-like",Long-tailed phages,TRUE,TRUE
profile279,TG,U_TG_PVC3,U_TG_PVC3,U_TG_PVC3,U_TG_PVC3,"Tape measure chaperone, lambda gpG-like",Long-tailed phages,TRUE,TRUE
profile280,TH,DUF1799,PF08809.6,PF08809,Phage related hypothetical protein (DUF1799),"Tape measure chaperone C-terminal, lambda gpT-like",Long-tailed phages,FALSE,FALSE
profile281,TH,Phage_Gp15,PF06854.6,PF06854,Bacteriophage Gp15 protein,"Tape measure chaperone C-terminal, lambda gpT-like",Long-tailed phages,FALSE,FALSE
profile282,TH,Phage_P2_GpE,PF06528.7,PF06528,Phage P2 GpE,"Tape measure chaperone C-terminal, lambda gpT-like",Long-tailed phages,FALSE,FALSE
profile283,TH,Phage_tail_T,PF06223.7,PF06223,Minor tail protein T,"Tape measure chaperone C-terminal, lambda gpT-like",Long-tailed phages,FALSE,FALSE
profile284,TH,TIGR01715,TIGR01715,TIGR01715,"","Tape measure chaperone C-terminal, lambda gpT-like",Long-tailed phages,FALSE,FALSE
profile285,TH,DUF4035,PF13227.1,PF13227,Protein of unknown function (DUF4035),"Tape measure chaperone C-terminal, lambda gpT-like",Long-tailed phages,FALSE,FALSE
profile286,TH,U_TG_T4,U_TG_T4,U_TG_T4,U_TG_T4,"Tape measure chaperone C-terminal, lambda gpT-like",Long-tailed phages,TRUE,TRUE
profile287,TH,U_TH_EntroP,U_TH_EntroP,U_TH_EntroP,U_TH_EntroP,"Tape measure chaperone C-terminal, lambda gpT-like",Long-tailed phages,TRUE,TRUE
profile288,TH,U_TH_ClstrP,U_TH_ClstrP,U_TH_ClstrP,U_TH_ClstrP,"Tape measure chaperone C-terminal, lambda gpT-like",Long-tailed phages,TRUE,TRUE
profile289,TH,U_RealTestIII,U_RealTestIII,U_RealTestIII,U_RealTestIII,"Tape measure chaperone C-terminal, lambda gpT-like",Long-tailed phages,TRUE,TRUE
profile290,TH,U_test_TH_12,U_test_TH_12,U_test_TH_12,U_test_TH_12,"Tape measure chaperone C-terminal, lambda gpT-like",Long-tailed phages,TRUE,TRUE
profile291,TH,U_test_TH_14,U_test_TH_14,U_test_TH_14,U_test_TH_14,"Tape measure chaperone C-terminal, lambda gpT-like",Long-tailed phages,TRUE,TRUE
profile292,TH,U_test_TH_16,U_test_TH_16,U_test_TH_16,U_test_TH_16,"Tape measure chaperone C-terminal, lambda gpT-like",Long-tailed phages,TRUE,TRUE
profile293,TH,U_test_TH_17,U_test_TH_17,U_test_TH_17,U_test_TH_17,"Tape measure chaperone C-terminal, lambda gpT-like",Long-tailed phages,TRUE,TRUE
profile294,TH,U_test_TH_19,U_test_TH_19,U_test_TH_19,U_test_TH_19,"Tape measure chaperone C-terminal, lambda gpT-like",Long-tailed phages,TRUE,TRUE
profile295,TH,U_test_TH_20,U_test_TH_20,U_test_TH_20,U_test_TH_20,"Tape measure chaperone C-terminal, lambda gpT-like",Long-tailed phages,TRUE,TRUE
profile296,TH,U_test_TH_26,U_test_TH_26,U_test_TH_26,U_test_TH_26,"Tape measure chaperone C-terminal, lambda gpT-like",Long-tailed phages,TRUE,TRUE
profile297,TH,U_TH_Casie,U_TH_Casie,U_TH_Casie,U_TH_Casie,"Tape measure chaperone C-terminal, lambda gpT-like",Long-tailed phages,TRUE,TRUE
profile298,TH,U_TH_Mycobctrm,U_TH_Mycobctrm,U_TH_Mycobctrm,U_TH_Mycobctrm,"Tape measure chaperone C-terminal, lambda gpT-like",Long-tailed phages,TRUE,TRUE
profile299,TH,U_TH_PVC1,U_TH_PVC1,U_TH_PVC1,U_TH_PVC1,"Tape measure chaperone C-terminal, lambda gpT-like",Long-tailed phages,TRUE,TRUE
profile300,TM,PhageMin_Tail,PF10145.4,PF10145,Phage-related minor tail protein,Tape Measure,Long-tailed phages,FALSE,FALSE
profile301,TM,Phage_HK97_TLTM,PF06120.6,PF06120,Tail length tape measure protein,Tape Measure,Long-tailed phages,FALSE,FALSE
profile302,TM,TMP,PF05017.9,PF05017,TMP repeat,Tape Measure,Long-tailed phages,FALSE,FALSE
profile303,TM,TMP_2,PF06791.8,PF06791,Prophage tail length tape measure protein,Tape Measure,Long-tailed phages,FALSE,FALSE
profile304,TM,TIGR01541,TIGR01541,TIGR01541,"",Tape Measure,Long-tailed phages,FALSE,FALSE
profile305,TM,TIGR01760,TIGR01760,TIGR01760,"",Tape Measure,Long-tailed phages,FALSE,FALSE
profile306,TM,TIGR02675,TIGR02675,TIGR02675,"",Tape Measure,Long-tailed phages,FALSE,FALSE
profile307,TM,U_TMP_PLPE,U_TMP_PLPE,U_TMP_PLPE,U_TMP_PLPE,Tape Measure,Long-tailed phages,TRUE,TRUE
profile308,TM,U_GTA_TMP,U_GTA_TMP,U_GTA_TMP,U_GTA_TMP,Tape Measure,Long-tailed phages,TRUE,TRUE
profile309,TM,U_TM_T4,U_TM_T4,U_TM_T4,U_TM_T4,Tape Measure,Long-tailed phages,TRUE,TRUE
profile310,TM,U_TM_N1,U_TM_N1,U_TM_N1,U_TM_N1,Tape Measure,Long-tailed phages,TRUE,TRUE
profile311,TM,U_TM_T1,U_TM_T1,U_TM_T1,U_TM_T1,Tape Measure,Long-tailed phages,TRUE,TRUE
profile312,TM,U_TM_Unique,U_TM_Unique,U_TM_Unique,U_TM_Unique,Tape Measure,Long-tailed phages,TRUE,TRUE
profile313,TM,U_TM_Bcls,U_TM_Bcls,U_TM_Bcls,U_TM_Bcls,Tape Measure,Long-tailed phages,TRUE,TRUE
profile323,LM,DUF2460,PF09343.5,PF09343,Conserved hypothetical protein 2217 (DUF2460),"Tail tip, tube initiator, lambda gpM-like",Gram-negative siphophage,FALSE,FALSE
profile324,LM,Phage_min_tail,PF05939.8,PF05939,Phage minor tail protein,"Tail tip, tube initiator, lambda gpM-like",Gram-negative siphophage,FALSE,FALSE
profile325,LM,TIGR02217,TIGR02217,TIGR02217,"","Tail tip, tube initiator, lambda gpM-like",Gram-negative siphophage,FALSE,FALSE
profile326,LM,U_MP22_LM,U_MP22_LM,U_MP22_LM,U_MP22_LM,"Tail tip, tube initiator, lambda gpM-like",Gram-negative siphophage,TRUE,TRUE
profile327,LM,U_LM_D3,U_LM_D3,U_LM_D3,U_LM_D3,"Tail tip, tube initiator, lambda gpM-like",Gram-negative siphophage,TRUE,TRUE
profile328,LL,DUF1833,PF08875.6,PF08875,Domain of unknown function (DUF1833),"Tail tip, lambda gpL-like",Gram-negative siphophage,FALSE,FALSE
profile329,LL,DUF2163,PF09931.4,PF09931,Uncharacterized conserved protein (DUF2163),"Tail tip, lambda gpL-like",Gram-negative siphophage,FALSE,FALSE
profile330,LL,Phage_BR0599,PF09356.5,PF09356,Phage conserved hypothetical protein BR0599,"Tail tip, lambda gpL-like",Gram-negative siphophage,FALSE,FALSE
profile331,LL,Phage_tail_L,PF05100.7,PF05100,Phage minor tail protein L,"Tail tip, lambda gpL-like",Gram-negative siphophage,FALSE,FALSE
profile332,LL,TIGR01600,TIGR01600,TIGR01600,"","Tail tip, lambda gpL-like",Gram-negative siphophage,FALSE,FALSE
profile333,LL,TIGR02218,TIGR02218,TIGR02218,"","Tail tip, lambda gpL-like",Gram-negative siphophage,FALSE,FALSE
profile334,LL,U_PY-T5_gpL,U_PY-T5_gpL,U_PY-T5_gpL,U_PY-T5_gpL,"Tail tip, lambda gpL-like",Gram-negative siphophage,TRUE,TRUE
profile335,LK,NLPC_P60,PF00877.14,PF00877,NlpC/P60 family,"Domain associated with peptidoglycan degradation, found in lambda gpK C-terminal, not specific to phage",Gram-negative siphophage,FALSE,FALSE
profile336,LK,Prok-JAB,PF14464.1,PF14464,Prokaryotic homologs of the JAB domain,"Domain associated with proteolysis, found in lambda gpK N-terminal, not specific to phage",Gram-negative siphophage,FALSE,FALSE
profile337,LI,Lambda_tail_I,PF06805.7,PF06805,Bacteriophage lambda tail assembly protein I,"Tail tip, lambda gpI-like",Gram-negative siphophage,FALSE,FALSE
profile338,LI,U_MP22_LI_orf51,U_MP22_LI_orf51,U_MP22_LI_orf51,U_MP22_LI_orf51,"Tail tip, lambda gpI-like",Gram-negative siphophage,TRUE,TRUE
profile339,LI,U_LI_T1,U_LI_T1,U_LI_T1,U_LI_T1,"Tail tip, lambda gpI-like",Gram-negative siphophage,TRUE,TRUE
profile340,CF,DUF1983,PF09327.6,PF09327,Domain of unknown function (DUF1983),"Central fibre, lambda gpJ-like",Gram-negative siphophage,FALSE,FALSE
profile341,CF,GTA_TIM,PF13547.1,PF13547,GTA TIM-barrel-like domain,"Central fibre, lambda gpJ-like",Gram-negative siphophage,FALSE,FALSE
profile342,CF,Phage-tail_3,PF13550.1,PF13550,Putative phage tail protein,"Central fibre, lambda gpJ-like",Gram-negative siphophage,FALSE,FALSE
profile343,CF,U_CF_F10,U_CF_F10,U_CF_F10,U_CF_F10,"Central fibre, lambda gpJ-like",Gram-negative siphophage,TRUE,TRUE
profile344,CF,U_CF_T2,U_CF_T2,U_CF_T2,U_CF_T2,"Central fibre, lambda gpJ-like",Gram-negative siphophage,TRUE,TRUE
profile345,SF,Collar,PF07484.7,PF07484,Phage Tail Collar Domain,Tail fibre,"",FALSE,FALSE
profile346,SF,DUF2793,PF10983.3,PF10983,Protein of unknown function (DUF2793),Tail fibre,"",FALSE,FALSE
profile347,SF,DUF3751,PF12571.3,PF12571,Phage tail-collar fibre protein,Tail fibre,"",FALSE,FALSE
profile348,SF,End_N_terminal,PF12218.3,PF12218,N terminal extension of bacteriophage endosialidase,Tail fibre,"",FALSE,FALSE
profile349,SF,End_tail_spike,PF12219.3,PF12219,Catalytic domain of bacteriophage endosialidase,Tail fibre,"",FALSE,FALSE
profile350,SF,Fibritin_C,PF07921.7,PF07921,Fibritin C-terminal region,Tail fibre,"",FALSE,FALSE
profile351,SF,gp12-short_mid,PF09089.5,PF09089,Phage short tail fibre protein gp12  middle domain,Tail fibre,"",FALSE,FALSE
profile352,SF,gp37_C,PF12604.3,PF12604,Tail fiber protein gp37 C terminal,Tail fibre,"",FALSE,FALSE
profile353,SF,Phage_fiber,PF03335.8,PF03335,Phage tail fibre repeat,Tail fibre,"",FALSE,FALSE
profile354,SF,Phage_fiber_2,PF03406.8,PF03406,Phage tail fibre repeat,Tail fibre,"",FALSE,FALSE
profile355,SF,Phage_fiber_C,PF06820.7,PF06820,Putative prophage tail fibre C-terminus,Tail fibre,"",FALSE,FALSE
profile356,SF,Phage_T4_gp36,PF03903.8,PF03903,Phage T4 tail fibre,Tail fibre,"",FALSE,FALSE
profile357,SF,phage_tail_N,PF08400.5,PF08400,Prophage tail fibre N-terminal,Tail fibre,"",FALSE,FALSE
profile358,SF,Peptidase_S74,PF13884.1,PF13884,Chaperone of endosialidase,Tail fibre,"",FALSE,FALSE
profile359,SF,U_Fibre_Difficin,U_Fibre_Difficin,U_Fibre_Difficin,U_Fibre_Difficin,Tail fibre,"",TRUE,TRUE
profile360,SF,U_FibreNTD1,U_FibreNTD1,U_FibreNTD1,U_FibreNTD1,Tail fibre,"",TRUE,TRUE
profile361,SF,U_SF_SfvNT,U_SF_SfvNT,U_SF_SfvNT,U_SF_SfvNT,Tail fibre,"",TRUE,TRUE
profile362,SF,U_SF_LMA2,U_SF_LMA2,U_SF_LMA2,U_SF_LMA2,Tail fibre,"",TRUE,TRUE
profile363,SF,U_PVC_PutFibDom1,U_PVC_PutFibDom1,U_PVC_PutFibDom1,U_PVC_PutFibDom1,Tail fibre,"",TRUE,TRUE
profile364,SF,U_SF_New,U_SF_New,U_SF_New,U_SF_New,Tail fibre,"",TRUE,TRUE
profile365,SF,U_SF_New2,U_SF_New2,U_SF_New2,U_SF_New2,Tail fibre,"",TRUE,TRUE
profile366,SF,U_T4_gp34-gp12,U_T4_gp34-gp12,U_T4_gp34-gp12,U_T4_gp34-gp12,Tail fibre,"",TRUE,TRUE
profile367,FC,Caudo_TAP,PF02413.12,PF02413,Caudovirales tail fibre assembly protein,Tail fibre assembly,"",FALSE,FALSE
profile368,FC,DUF4376,PF14301.1,PF14301,Domain of unknown function (DUF4376),Tail fibre assembly,"",FALSE,FALSE
profile369,FC,U_FC_2KZ6,U_FC_2KZ6,U_FC_2KZ6,U_FC_2KZ6,Tail fibre assembly,"",TRUE,TRUE
profile370,FC,U_FC_HP1,U_FC_HP1,U_FC_HP1,U_FC_HP1,Tail fibre assembly,"",TRUE,TRUE
profile371,FC,U_FC_LMA2,U_FC_LMA2,U_FC_LMA2,U_FC_LMA2,Tail fibre assembly,"",TRUE,TRUE
profile372,FC,U_FC_Kappa,U_FC_Kappa,U_FC_Kappa,U_FC_Kappa,Tail fibre assembly,"",TRUE,TRUE
profile373,DT,Sipho_tail,PF05709.6,PF05709,Phage tail protein,"Distal tip, Dit",Gram-positive siphophage,FALSE,FALSE
profile374,DT,TIGR01633,TIGR01633,TIGR01633,"","Distal tip, Dit",Gram-positive siphophage,FALSE,FALSE
profile375,DT,U_DT_Myco244,U_DT_Myco244,U_DT_Myco244,U_DT_Myco244,"Distal tip, Dit",Gram-positive siphophage,TRUE,TRUE
profile376,DT,U_DT_Clstr,U_DT_Clstr,U_DT_Clstr,U_DT_Clstr,"Distal tip, Dit",Gram-positive siphophage,TRUE,TRUE
profile377,DT,U_DT_StrpP,U_DT_StrpP,U_DT_StrpP,U_DT_StrpP,"Distal tip, Dit",Gram-positive siphophage,TRUE,TRUE
profile378,DT,U_DT_Lstra,U_DT_Lstra,U_DT_Lstra,U_DT_Lstra,"Distal tip, Dit",Gram-positive siphophage,TRUE,TRUE
profile379,DT,U_DT_Vgnlis,U_DT_Vgnlis,U_DT_Vgnlis,U_DT_Vgnlis,"Distal tip, Dit",Gram-positive siphophage,TRUE,TRUE
profile380,BH,Prophage_tail,PF06605.6,PF06605,Prophage endopeptidase tail,"Baseplate hub, Tal",Gram-positive siphophage,FALSE,FALSE
profile381,BH,TIGR01665,TIGR01665,TIGR01665,"","Baseplate hub, Tal",Gram-positive siphophage,FALSE,FALSE
profile382,BH,U_sipho_gp37,U_sipho_gp37,U_sipho_gp37,U_sipho_gp37,"Baseplate hub, Tal",Gram-positive siphophage,TRUE,TRUE
profile383,BH,U_BH_LctBcls,U_BH_LctBcls,U_BH_LctBcls,U_BH_LctBcls,"Baseplate hub, Tal",Gram-positive siphophage,TRUE,TRUE
profile384,BH,U_BH_Entho,U_BH_Entho,U_BH_Entho,U_BH_Entho,"Baseplate hub, Tal",Gram-positive siphophage,TRUE,TRUE
profile385,BL,DUF1617,PF07761.7,PF07761,Protein of unknown function (DUF1617),Receptor binding proteins,Gram-positive siphophage,FALSE,FALSE
profile386,BL,DUF1913,PF08931.5,PF08931,Domain of unknown function (DUF1913),Receptor binding proteins,Gram-positive siphophage,FALSE,FALSE
profile388,BL,DUF2479,PF10651.4,PF10651,Domain of unknown function (DUF2479),Receptor binding proteins,Gram-positive siphophage,FALSE,FALSE
profile389,BL,DUF859,PF05895.7,PF05895,Siphovirus protein of unknown function (DUF859),Receptor binding proteins,Gram-positive siphophage,FALSE,FALSE
profile390,BL,Gp58,PF07902.6,PF07902,gp58-like protein,Receptor binding proteins,Gram-positive siphophage,FALSE,FALSE
profile391,BL,PTR,PF12789.2,PF12789,Phage tail repeat like,Receptor binding proteins,Gram-positive siphophage,FALSE,FALSE
profile392,BL,U_BL_A511-NT,U_BL_A511-NT,U_BL_A511-NT,U_BL_A511-NT,Receptor binding proteins,Gram-positive siphophage,TRUE,TRUE
profile393,BL,U_BL_StrpPn,U_BL_StrpPn,U_BL_StrpPn,U_BL_StrpPn,Receptor binding proteins,Gram-positive siphophage,TRUE,TRUE
profile394,BL,U_BL_T1,U_BL_T1,U_BL_T1,U_BL_T1,Receptor binding proteins,Gram-positive siphophage,TRUE,TRUE
profile395,DL,DNA_circ_N,PF07157.7,PF07157,DNA circulation protein N-terminus,"BH1, Dit-like, tube initiator, P2 gpU-like, Mu Mup43",Myophage,FALSE,FALSE
profile396,DL,Phage_P2_GpU,PF06995.6,PF06995,Phage P2 GpU,"BH1, Dit-like, tube initiator, P2 gpU-like, Mu Mup43",Myophage,FALSE,FALSE
profile397,DL,U_gpU_CD27,U_gpU_CD27,U_gpU_CD27,U_gpU_CD27,"BH1, Dit-like, tube initiator, P2 gpU-like, Mu Mup43",Myophage,TRUE,TRUE
profile398,DL,U_gpU_S1249,U_gpU_S1249,U_gpU_S1249,U_gpU_S1249,"BH1, Dit-like, tube initiator, P2 gpU-like, Mu Mup43",Myophage,TRUE,TRUE
profile399,DL,U_DL_Spo1,U_DL_Spo1,U_DL_Spo1,U_DL_Spo1,"BH1, Dit-like, tube initiator, P2 gpU-like, Mu Mup43",Myophage,TRUE,TRUE
profile400,DL,U_DL_Bcep1,U_DL_Bcep1,U_DL_Bcep1,U_DL_Bcep1,"BH1, Dit-like, tube initiator, P2 gpU-like, Mu Mup43",Myophage,TRUE,TRUE
profile401,DL,U_DL_PVC1,U_DL_PVC1,U_DL_PVC1,U_DL_PVC1,"BH1, Dit-like, tube initiator, P2 gpU-like, Mu Mup43",Myophage,TRUE,TRUE
profile402,DL,U_DL_018P,U_DL_018P,U_DL_018P,U_DL_018P,"BH1, Dit-like, tube initiator, P2 gpU-like, Mu Mup43",Myophage,TRUE,TRUE
profile403,DL,U_DL_LMA2,U_DL_LMA2,U_DL_LMA2,U_DL_LMA2,"BH1, Dit-like, tube initiator, P2 gpU-like, Mu Mup43",Myophage,TRUE,TRUE
profile404,BD,Phage-tail_1,PF09097.5,PF09097,Baseplate structural protein  domain 1,"BH2, Baseplate hub, T4 gp27, P2 gpD-like, Mu Mup44",Myophage,FALSE,FALSE
profile405,BD,Phage-tail_2,PF09096.5,PF09096,Baseplate structural protein  domain 2,"BH2, Baseplate hub, T4 gp27, P2 gpD-like, Mu Mup44",Myophage,FALSE,FALSE
profile406,BD,Phage_GPD,PF05954.6,PF05954,Phage late control gene D protein (GPD),"BH2, Baseplate hub, T4 gp27, P2 gpD-like, Mu Mup44",Myophage,FALSE,FALSE
profile407,BD,U_Spo1Hub,U_Spo1Hub,U_Spo1Hub,U_Spo1Hub,"BH2, Baseplate hub, T4 gp27, P2 gpD-like, Mu Mup44",Myophage,TRUE,TRUE
profile408,BD,U_Hub_S1249,U_Hub_S1249,U_Hub_S1249,U_Hub_S1249,"BH2, Baseplate hub, T4 gp27, P2 gpD-like, Mu Mup44",Myophage,TRUE,TRUE
profile409,BD,U_K139_hub,U_K139_hub,U_K139_hub,U_K139_hub,"BH2, Baseplate hub, T4 gp27, P2 gpD-like, Mu Mup44",Myophage,TRUE,TRUE
profile410,BD,U_c2_hub,U_c2_hub,U_c2_hub,U_c2_hub,"BH2, Baseplate hub, T4 gp27, P2 gpD-like, Mu Mup44",Myophage,TRUE,TRUE
profile411,BD,U_BD_PVC1,U_BD_PVC1,U_BD_PVC1,U_BD_PVC1,"BH2, Baseplate hub, T4 gp27, P2 gpD-like, Mu Mup44",Myophage,TRUE,TRUE
profile413,BS,DUF2345,PF10106.4,PF10106,Uncharacterized protein conserved in bacteria (DUF2345),"TS, Tail spike, T4 gp5, P2 gpV-like, Mu Mup45",Myophage,FALSE,FALSE
profile414,BS,DUF2577,PF10844.3,PF10844,Protein of unknown function (DUF2577),"TS, Tail spike, T4 gp5, P2 gpV-like, Mu Mup45",Myophage,FALSE,FALSE
profile415,BS,DUF3540,PF12059.3,PF12059,Protein of unknown function (DUF3540),"TS, Tail spike, T4 gp5, P2 gpV-like, Mu Mup45",Myophage,FALSE,FALSE
profile416,BS,Gp5_C,PF06715.7,PF06715,Gp5 C-terminal repeat(3 copies),"TS, Tail spike, T4 gp5, P2 gpV-like, Mu Mup45",Myophage,FALSE,FALSE
profile417,BS,Gp5_OB,PF06714.6,PF06714,Gp5 N-terminal OB domain,"TS, Tail spike, T4 gp5, P2 gpV-like, Mu Mup45",Myophage,FALSE,FALSE
profile418,BS,Phage_base_V,PF04717.7,PF04717,Phage-related baseplate assembly protein,"TS, Tail spike, T4 gp5, P2 gpV-like, Mu Mup45",Myophage,FALSE,FALSE
profile419,BS,Phage_Mu_Gp45,PF06890.7,PF06890,Bacteriophage Mu Gp45 protein,"TS, Tail spike, T4 gp5, P2 gpV-like, Mu Mup45",Myophage,FALSE,FALSE
profile420,BS,TIGR01644,TIGR01644,TIGR01644,"","TS, Tail spike, T4 gp5, P2 gpV-like, Mu Mup45",Myophage,FALSE,FALSE
profile421,BS,U_K139_spike,U_K139_spike,U_K139_spike,U_K139_spike,"TS, Tail spike, T4 gp5, P2 gpV-like, Mu Mup45",Myophage,TRUE,TRUE
profile422,BS,U_wV8_spike,U_wV8_spike,U_wV8_spike,U_wV8_spike,"TS, Tail spike, T4 gp5, P2 gpV-like, Mu Mup45",Myophage,TRUE,TRUE
profile423,BS,U_Spo1_Spike,U_Spo1_Spike,U_Spo1_Spike,U_Spo1_Spike,"TS, Tail spike, T4 gp5, P2 gpV-like, Mu Mup45",Myophage,TRUE,TRUE
profile424,BS,U_BS_DUF2577ad,U_BS_DUF2577ad,U_BS_DUF2577ad,U_BS_DUF2577ad,"TS, Tail spike, T4 gp5, P2 gpV-like, Mu Mup45",Myophage,TRUE,TRUE
profile425,BW,DUF2590,PF10761.4,PF10761,Protein of unknown function (DUF2590),"BW1, Baseplate wedge, T4 gp25, P2 gpW, Mu Mup46",Myophage,FALSE,FALSE
profile426,BW,DUF2634,PF10934.3,PF10934,Protein of unknown function (DUF2634),"BW1, Baseplate wedge, T4 gp25, P2 gpW, Mu Mup46",Myophage,FALSE,FALSE
profile427,BW,GP46,PF07409.7,PF07409,Phage protein GP46,"BW1, Baseplate wedge, T4 gp25, P2 gpW, Mu Mup46",Myophage,FALSE,FALSE
profile428,BW,GPW_gp25,PF04965.9,PF04965,Gene 25-like lysozyme,"BW1, Baseplate wedge, T4 gp25, P2 gpW, Mu Mup46",Myophage,FALSE,FALSE
profile429,BW,U_S1249_gpW,U_S1249_gpW,U_S1249_gpW,U_S1249_gpW,"BW1, Baseplate wedge, T4 gp25, P2 gpW, Mu Mup46",Myophage,TRUE,TRUE
profile430,BJ,Baseplate_J,PF04865.9,PF04865,Baseplate J-like protein,"BW2, Baseplate wedge, T4 gp6, P2 gpJ, Mu Mup47",Myophage,FALSE,FALSE
profile431,BJ,TIGR02243,TIGR02243,TIGR02243,"","BW2, Baseplate wedge, T4 gp6, P2 gpJ, Mu Mup47",Myophage,FALSE,FALSE
profile432,BJ,U_LMA2_gpJ,U_LMA2_gpJ,U_LMA2_gpJ,U_LMA2_gpJ,"BW2, Baseplate wedge, T4 gp6, P2 gpJ, Mu Mup47",Myophage,TRUE,TRUE
profile433,BJ,U_BJ_Afp12,U_BJ_Afp12,U_BJ_Afp12,U_BJ_Afp12,"BW2, Baseplate wedge, T4 gp6, P2 gpJ, Mu Mup47",Myophage,TRUE,TRUE
profile434,BJ,U_BJ_TIGR02243_Jreg,U_BJ_TIGR02243_Jreg,U_BJ_TIGR02243_Jreg,U_BJ_TIGR02243_Jreg,"BW2, Baseplate wedge, T4 gp6, P2 gpJ, Mu Mup47",Myophage,TRUE,TRUE
profile435,BI,DUF2313,PF10076.4,PF10076,Uncharacterized protein conserved in bacteria (DUF2313),"BW3, Baseplate wedge, T4 gp7, P2 gpI, Mu Mup48",Myophage,FALSE,FALSE
profile436,BI,DUF2612,PF11041.3,PF11041,Protein of unknown function (DUF2612),"BW3, Baseplate wedge, T4 gp7, P2 gpI, Mu Mup48",Myophage,FALSE,FALSE
profile437,BI,Tail_P2_I,PF09684.5,PF09684,Phage tail protein (Tail_P2_I),"BW3, Baseplate wedge, T4 gp7, P2 gpI, Mu Mup48",Myophage,FALSE,FALSE
profile438,BI,TIGR01634,TIGR01634,TIGR01634,"","BW3, Baseplate wedge, T4 gp7, P2 gpI, Mu Mup48",Myophage,FALSE,FALSE
profile439,BI,TIGR02242,TIGR02242,TIGR02242,"","BW3, Baseplate wedge, T4 gp7, P2 gpI, Mu Mup48",Myophage,FALSE,FALSE
profile440,BI,U_Lb338_gpI,U_Lb338_gpI,U_Lb338_gpI,U_Lb338_gpI,"BW3, Baseplate wedge, T4 gp7, P2 gpI, Mu Mup48",Myophage,TRUE,TRUE
profile441,BI,U_BI_Bxz,U_BI_Bxz,U_BI_Bxz,U_BI_Bxz,"BW3, Baseplate wedge, T4 gp7, P2 gpI, Mu Mup48",Myophage,TRUE,TRUE
profile442,BI,U_BI_PVC_Desulfo,U_BI_PVC_Desulfo,U_BI_PVC_Desulfo,U_BI_PVC_Desulfo,"BW3, Baseplate wedge, T4 gp7, P2 gpI, Mu Mup48",Myophage,TRUE,TRUE
profile443,TS,DUF2586,PF10758.4,PF10758,Protein of unknown function (DUF2586),Tail Sheath,Myophage,FALSE,FALSE
profile444,TS,DUF3383,PF11863.3,PF11863,Protein of unknown function (DUF3383),Tail Sheath,Myophage,FALSE,FALSE
profile445,TS,Phage_sheath_1,PF04984.9,PF04984,Phage tail sheath protein,Tail Sheath,Myophage,FALSE,FALSE
profile446,TS,U_TS_B4,U_TS_B4,U_TS_B4,U_TS_B4,Tail Sheath,Myophage,TRUE,TRUE
profile447,HN,HNH,PF01844.18,PF01844,HNH endonuclease,"HNH domain, sometimes associate with terminase",not phage-specific,FALSE,FALSE
profile448,HN,HNH_4,PF13395.1,PF13395,HNH endonuclease,"HNH domain, sometimes associate with terminase",not phage-specific,FALSE,FALSE
profile449,HN,U_HNH_Ter,U_HNH_Ter,U_HNH_Ter,U_HNH_Ter,"HNH domain, sometimes associate with terminase",not phage-specific,TRUE,TRUE
profile450,CR,HTH_3,PF01381.17,PF01381,Helix-turn-helix,Repressor,not phage-specific,FALSE,FALSE
profile451,CR,HTH_7,PF02796.10,PF02796,Helix-turn-helix domain of resolvase,Repressor,not phage-specific,FALSE,FALSE
profile452,CR,Lac_bphage_repr,PF06543.7,PF06543,Lactococcus bacteriophage repressor,Repressor,not phage-specific,FALSE,FALSE
profile453,CR,Phage_CI_repr,PF07022.8,PF07022,Bacteriophage CI repressor helix-turn-helix domain,Repressor,not phage-specific,FALSE,FALSE
profile454,CR,HTH_26,PF13443.1,PF13443,Cro/C1-type HTH DNA-binding domain,Repressor,not phage-specific,FALSE,FALSE
profile455,CR,HTH_37,PF13744.1,PF13744,Helix-turn-helix domain,Repressor,not phage-specific,FALSE,FALSE
profile456,CR,U_cI_Link,U_cI_Link,U_cI_Link,U_cI_Link,Repressor,not phage-specific,TRUE,TRUE
profile457,CR,U_CR_cI_Link2,U_CR_cI_Link2,U_CR_cI_Link2,U_CR_cI_Link2,Repressor,not phage-specific,TRUE,TRUE
profile458,CR,U_CR_PsP3_C,U_CR_PsP3_C,U_CR_PsP3_C,U_CR_PsP3_C,Repressor,not phage-specific,TRUE,TRUE
profile459,CR,U_CR_Bcls,U_CR_Bcls,U_CR_Bcls,U_CR_Bcls,Repressor,not phage-specific,TRUE,TRUE
profile460,T,Aminotran_5,PF00266.14,PF00266,Aminotransferase class-V,"",not phage-specific,FALSE,FALSE
profile461,T,Band_7_1,PF13421.1,PF13421,SPFH domain-Band 7 family,"",not phage-specific,FALSE,FALSE
profile462,IN,DDE_2,PF02914.10,PF02914,Bacteriophage Mu transposase,Integrase and transposase,not phage-specific,FALSE,FALSE
profile463,IN,DUF3596,PF12167.3,PF12167,Domain of unknown function (DUF3596),Integrase and transposase,not phage-specific,FALSE,FALSE
profile464,IN,HTH_Tnp_Mu_1,PF02316.11,PF02316,Mu DNA-binding domain,Integrase and transposase,not phage-specific,FALSE,FALSE
profile465,IN,HTH_Tnp_Mu_2,PF09039.6,PF09039,Mu DNA binding  I gamma subdomain,Integrase and transposase,not phage-specific,FALSE,FALSE
profile466,IN,Integrase_1,PF12835.2,PF12835,Integrase,Integrase and transposase,not phage-specific,FALSE,FALSE
profile467,IN,Mu-transpos_C,PF09299.6,PF09299,Mu transposase  C-terminal,Integrase and transposase,not phage-specific,FALSE,FALSE
profile468,IN,Phage-MuB_C,PF09077.6,PF09077,Mu B transposition protein  C terminal,Integrase and transposase,not phage-specific,FALSE,FALSE
profile469,IN,Phage_integrase,PF00589.17,PF00589,Phage integrase family,Integrase and transposase,not phage-specific,FALSE,FALSE
profile470,IN,Phage_integr_N,PF02899.12,PF02899,Phage integrase  N-terminal SAM-like domain,Integrase and transposase,not phage-specific,FALSE,FALSE
profile471,IN,Phage_integ_N,PF09003.5,PF09003,Bacteriophage lambda integrase  N-terminal domain,Integrase and transposase,not phage-specific,FALSE,FALSE
profile472,IN,Recombinase,PF07508.8,PF07508,Recombinase,Integrase and transposase,not phage-specific,FALSE,FALSE
profile473,IN,Resolvase,PF00239.16,PF00239,Resolvase  N terminal domain,Integrase and transposase,not phage-specific,FALSE,FALSE
profile474,IN,DUF3946,PF13102.1,PF13102,Protein of unknown function (DUF3946),Integrase and transposase,not phage-specific,FALSE,FALSE
profile475,IN,DUF4102,PF13356.1,PF13356,Domain of unknown function (DUF4102),Integrase and transposase,not phage-specific,FALSE,FALSE
profile476,XL,DUF2977,PF11192.3,PF11192,Protein of unknown function (DUF2977),Putative fibre chaperone,Gram-positive siphophage,FALSE,FALSE
profile477,XL,Phage_XkdX,PF09693.5,PF09693,Phage uncharacterised protein (Phage_XkdX),Putative fibre chaperone,Gram-positive siphophage and myophage,FALSE,FALSE
profile478,XL,XkdW,PF09636.5,PF09636,XkdW protein,Putative fibre chaperone,Gram-positive siphophage and myophage,FALSE,FALSE
profile479,BX,LysM,PF01476.15,PF01476,LysM domain,"LysM, found in myophage baseplate",not phage-specific,FALSE,FALSE
profile480,BX,Phage_tail_X,PF05489.7,PF05489,Phage Tail Protein X,"LysM, found in myophage baseplate",not phage-specific,FALSE,FALSE
profile481,BX,U_gpxlysm,U_gpxlysm,U_gpxlysm,U_gpxlysm,"LysM, found in myophage baseplate",not phage-specific,TRUE,TRUE
profile482,BX,U_BX_PVC1,U_BX_PVC1,U_BX_PVC1,U_BX_PVC1,"LysM, found in myophage baseplate",not phage-specific,TRUE,TRUE
profile483,BX,U_DL_PVC-LysM,U_DL_PVC-LysM,U_DL_PVC-LysM,U_DL_PVC-LysM,"LysM, found in myophage baseplate",not phage-specific,TRUE,TRUE
profile484,MT,DUF2635,PF10948.3,PF10948,Protein of unknown function (DUF2635),Small protein near TR,"",FALSE,FALSE
profile485,MT,U_DMS3-38,U_DMS3-38,U_DMS3-38,U_DMS3-38,Small protein near TR,"",TRUE,TRUE
profile486,MT,U_BcepMu_Mup38,U_BcepMu_Mup38,U_BcepMu_Mup38,U_BcepMu_Mup38,Small protein near TR,"",TRUE,TRUE
profile487,53,Phage_gp53,PF11246.3,PF11246,Base plate wedge protein 53,T4 gp53,T4-Like,FALSE,FALSE
profile488,8,Phage-Gp8,PF09215.5,PF09215,Bacteriophage T4  Gp8,T4 gp8,T4-Like,FALSE,FALSE
profile489,10,T4_gp9_10,PF07880.6,PF07880,Bacteriophage T4 gp9/10-like protein,T4 gp9 gp10,T4-Like,FALSE,FALSE
profile490,11,GP11,PF08677.5,PF08677,GP11 baseplate wedge protein,T4 gp11,T4-Like,FALSE,FALSE
profile491,6,U_T4gp6,U_T4gp6,U_T4gp6,U_T4gp6,T4 gp6,T4-Like,TRUE,TRUE
profile492,HC,DUF796,PF05638.7,PF05638,Protein of unknown function (DUF796),"Hcp, tail tube",Type VI secretion,FALSE,FALSE
profile493,6S,DUF770,PF05591.7,PF05591,Protein of unknown function (DUF770),Sheath,Type VI secretion,FALSE,FALSE
profile494,6S,DUF877,PF05943.7,PF05943,Protein of unknown function (DUF877),Sheath,Type VI secretion,FALSE,FALSE
profile495,6J,DUF879,PF05947.7,PF05947,Bacterial protein of unknown function (DUF879),TssE,Type VI secretion,FALSE,FALSE
profile496,CV,TIGR03345,TIGR03345,TIGR03345,"",ClpV,Type VI secretion,FALSE,FALSE
profile497,48,T4_tail_cap,PF11091.3,PF11091,Tail-tube assembly protein,"T4 gp48, tail tube initiator",T4-Like,FALSE,FALSE
profile498,S1,DUF4255,PF14065.1,PF14065,Protein of unknown function (DUF4255),"PVC, tail terminator",PVC,FALSE,FALSE
profile499,S2,U_AfpATpase,U_AfpATpase,U_AfpATpase,U_AfpATpase,"PVC, AAA ATPase",PVC,TRUE,TRUE
profile500,S3,DUF4157,PF13699.1,PF13699,Domain of unknown function (DUF4157),"PVC, protease",PVC,FALSE,FALSE
profile501,6I,DUF1305,PF06996.6,PF06996,Protein of unknown function (DUF1305),TssF,Type VI secretion,FALSE,FALSE
profile502,6I,TIGR03347,TIGR03347,TIGR03347,"",TssF,Type VI secretion,FALSE,FALSE
profile503,UA,U_gpU_adj,U_gpU_adj,U_gpU_adj,U_gpU_adj,Adjacent to BH1 genes,Myophage,TRUE,TRUE
profile504,UA,U_UA_Phage,U_UA_Phage,U_UA_Phage,U_UA_Phage,Adjacent to BH1 genes,Myophage,TRUE,TRUE
profile505,28,Phage_hub_GP28,PF11110.3,PF11110,Baseplate hub distal subunit,T4 gp28,T4-Like,FALSE,FALSE
profile506,6U,DUF2077,PF09850.4,PF09850,Uncharacterized protein conserved in bacteria (DUF2077),DotU,Type VI secretion,FALSE,FALSE
profile507,6F,DUF1215,PF06744.7,PF06744,Protein of unknown function (DUF1215),IcmF,Type VI secretion,FALSE,FALSE
profile508,6F,IcmF-related,PF06761.7,PF06761,Intracellular multiplication and human macrophage-killing,IcmF,Type VI secretion,FALSE,FALSE
profile509,6F,TIGR03348,TIGR03348,TIGR03348,"",IcmF,Type VI secretion,FALSE,FALSE
profile510,6F,ImcF-related_N,PF14331.1,PF14331,ImcF-related N-terminal domain,IcmF,Type VI secretion,FALSE,FALSE
profile511,PG,Amidase02_C,PF12123.3,PF12123,N-acetylmuramoyl-l-alanine amidase,Peptidoglycan hydrolase,not phage-specific,FALSE,FALSE
profile512,PG,Amidase_2,PF01510.20,PF01510,N-acetylmuramoyl-L-alanine amidase,Peptidoglycan hydrolase,not phage-specific,FALSE,FALSE
profile513,PG,Amidase_3,PF01520.13,PF01520,N-acetylmuramoyl-L-alanine amidase,Peptidoglycan hydrolase,not phage-specific,FALSE,FALSE
profile514,PG,Amidase_5,PF05382.8,PF05382,Bacteriophage peptidoglycan hydrolase,Peptidoglycan hydrolase,not phage-specific,FALSE,FALSE
profile515,PG,CHAP,PF05257.11,PF05257,CHAP domain,Peptidoglycan hydrolase,not phage-specific,FALSE,FALSE
profile516,PG,Cpl-7,PF08230.6,PF08230,Cpl-7 lysozyme C-terminal domain,Peptidoglycan hydrolase,not phage-specific,FALSE,FALSE
profile517,PG,DUF3380,PF11860.3,PF11860,Protein of unknown function (DUF3380),Peptidoglycan hydrolase,not phage-specific,FALSE,FALSE
profile518,PG,DUF3597,PF12200.3,PF12200,Domain of unknown function (DUF3597),Peptidoglycan hydrolase,not phage-specific,FALSE,FALSE
profile519,PG,Glucosaminidase,PF01832.15,PF01832,Mannosyl-glycoprotein endo-beta-N-acetylglucosaminidase,Peptidoglycan hydrolase,not phage-specific,FALSE,FALSE
profile520,PG,Glyco_hydro_19,PF00182.14,PF00182,Chitinase class I,Peptidoglycan hydrolase,not phage-specific,FALSE,FALSE
profile521,PG,Glyco_hydro_25,PF01183.15,PF01183,Glycosyl hydrolases family 25,Peptidoglycan hydrolase,not phage-specific,FALSE,FALSE
profile522,PG,Peptidase_M23,PF01551.17,PF01551,Peptidase family M23,Peptidoglycan hydrolase,not phage-specific,FALSE,FALSE
profile523,PG,Peptidase_U40,PF10464.4,PF10464,Peptidase U40,Peptidoglycan hydrolase,not phage-specific,FALSE,FALSE
profile524,PG,Phage_lysozyme,PF00959.14,PF00959,Phage lysozyme,Peptidoglycan hydrolase,not phage-specific,FALSE,FALSE
profile525,PG,SLT,PF01464.15,PF01464,Transglycosylase SLT domain,Peptidoglycan hydrolase,not phage-specific,FALSE,FALSE
profile526,PG,Transglycosylas,PF06737.9,PF06737,Transglycosylase-like domain,Peptidoglycan hydrolase,not phage-specific,FALSE,FALSE
profile527,PG,VanY,PF02557.12,PF02557,D-alanyl-D-alanine carboxypeptidase,Peptidoglycan hydrolase,not phage-specific,FALSE,FALSE
profile528,PG,YkuD,PF03734.9,PF03734,L D-transpeptidase catalytic domain,Peptidoglycan hydrolase,not phage-specific,FALSE,FALSE
profile529,PG,Glyco_hydro_108,PF05838.7,PF05838,Glycosyl hydrolase 108,Peptidoglycan hydrolase,not phage-specific,FALSE,FALSE
profile530,PG,Peptidase_C39_2,PF13529.1,PF13529,Peptidase_C39 like family,Peptidoglycan hydrolase,not phage-specific,FALSE,FALSE
profile531,PG,Peptidase_M15_4,PF13539.1,PF13539,D-alanyl-D-alanine carboxypeptidase,Peptidoglycan hydrolase,not phage-specific,FALSE,FALSE
profile532,S4,Ail_Lom,PF06316.6,PF06316,Enterobacterial Ail/Lom protein,"families are often found in phage genomes, some function known",phage genome associated,FALSE,FALSE
profile533,S4,ANT,PF03374.9,PF03374,Phage antirepressor protein KilAC domain,"families are often found in phage genomes, some function known",phage genome associated,FALSE,FALSE
profile534,S4,AntA,PF08346.7,PF08346,AntA/AntB antirepressor,"families are often found in phage genomes, some function known",phage genome associated,FALSE,FALSE
profile535,S4,Antiterm,PF03589.8,PF03589,Antitermination protein,"families are often found in phage genomes, some function known",phage genome associated,FALSE,FALSE
profile536,S4,Arc,PF03869.9,PF03869,Arc-like DNA binding domain,"families are often found in phage genomes, some function known",phage genome associated,FALSE,FALSE
profile537,S4,Bro-N,PF02498.12,PF02498,BRO family  N-terminal domain,"families are often found in phage genomes, some function known",phage genome associated,FALSE,FALSE
profile538,S4,Cro,PF09048.5,PF09048,Cro,"families are often found in phage genomes, some function known",phage genome associated,FALSE,FALSE
profile539,S4,DinI,PF06183.8,PF06183,DinI-like family,"families are often found in phage genomes, some function known",phage genome associated,FALSE,FALSE
profile540,S4,DUF1018,PF06252.7,PF06252,Protein of unknown function (DUF1018),"families are often found in phage genomes, some function known",phage genome associated,FALSE,FALSE
profile541,S4,DUF1019,PF06254.6,PF06254,Protein of unknown function (DUF1019),"families are often found in phage genomes, some function known",phage genome associated,FALSE,FALSE
profile542,S4,DUF1056,PF06341.6,PF06341,Protein of unknown function (DUF1056),"families are often found in phage genomes, some function known",phage genome associated,FALSE,FALSE
profile543,S4,DUF1064,PF06356.6,PF06356,Protein of unknown function (DUF1064),"families are often found in phage genomes, some function known",phage genome associated,FALSE,FALSE
profile544,S4,DUF1317,PF07026.6,PF07026,Protein of unknown function (DUF1317),"families are often found in phage genomes, some function known",phage genome associated,FALSE,FALSE
profile545,S4,DUF1353,PF07087.6,PF07087,Protein of unknown function (DUF1353),"families are often found in phage genomes, some function known",phage genome associated,FALSE,FALSE
profile546,S4,DUF1360,PF07098.6,PF07098,Protein of unknown function (DUF1360),"families are often found in phage genomes, some function known",phage genome associated,FALSE,FALSE
profile547,S4,DUF1372,PF07116.6,PF07116,Protein of unknown function (DUF1372),"families are often found in phage genomes, some function known",phage genome associated,FALSE,FALSE
profile548,S4,DUF1376,PF07120.6,PF07120,Protein of unknown function (DUF1376),"families are often found in phage genomes, some function known",phage genome associated,FALSE,FALSE
profile549,S4,DUF1378,PF07125.6,PF07125,Protein of unknown function (DUF1378),"families are often found in phage genomes, some function known",phage genome associated,FALSE,FALSE
profile550,S4,DUF1381,PF07129.6,PF07129,Protein of unknown function (DUF1381),"families are often found in phage genomes, some function known",phage genome associated,FALSE,FALSE
profile551,S4,DUF1382,PF07131.6,PF07131,Protein of unknown function (DUF1382),"families are often found in phage genomes, some function known",phage genome associated,FALSE,FALSE
profile552,S4,DUF1492,PF07374.6,PF07374,Protein of unknown function (DUF1492),"families are often found in phage genomes, some function known",phage genome associated,FALSE,FALSE
profile553,S4,DUF1642,PF07852.6,PF07852,Protein of unknown function (DUF1642),"families are often found in phage genomes, some function known",phage genome associated,FALSE,FALSE
profile554,S4,DUF2158,PF09926.4,PF09926,Uncharacterized small protein (DUF2158),"families are often found in phage genomes, some function known",phage genome associated,FALSE,FALSE
profile555,S4,DUF2528,PF10800.3,PF10800,Protein of unknown function (DUF2528),"families are often found in phage genomes, some function known",phage genome associated,FALSE,FALSE
profile556,S4,DUF2560,PF10834.3,PF10834,Protein of unknown function (DUF2560),"families are often found in phage genomes, some function known",phage genome associated,FALSE,FALSE
profile557,S4,DUF2591,PF10765.4,PF10765,Protein of unknown function (DUF2591),"families are often found in phage genomes, some function known",phage genome associated,FALSE,FALSE
profile558,S4,DUF2637,PF10935.3,PF10935,Protein of unknown function (DUF2637),"families are often found in phage genomes, some function known",phage genome associated,FALSE,FALSE
profile559,S4,DUF2744,PF10910.3,PF10910,Protein of unknown function (DUF2744),"families are often found in phage genomes, some function known",phage genome associated,FALSE,FALSE
profile560,S4,DUF2746,PF10874.3,PF10874,Protein of unknown function (DUF2746),"families are often found in phage genomes, some function known",phage genome associated,FALSE,FALSE
profile561,S4,DUF2786,PF10979.3,PF10979,Protein of unknown function (DUF2786),"families are often found in phage genomes, some function known",phage genome associated,FALSE,FALSE
profile562,S4,DUF2833,PF11090.3,PF11090,Protein of unknown function (DUF2833),"families are often found in phage genomes, some function known",phage genome associated,FALSE,FALSE
profile563,S4,DUF3310,PF11753.3,PF11753,Protein of unknwon function (DUF3310),"families are often found in phage genomes, some function known",phage genome associated,FALSE,FALSE
profile564,S4,DUF3476,PF11962.2,PF11962,"","families are often found in phage genomes, some function known",phage genome associated,FALSE,FALSE
profile565,S4,DUF3862,PF12978.2,PF12978,Domain of Unknown Function with PDB structure (DUF3862),"families are often found in phage genomes, some function known",phage genome associated,FALSE,FALSE
profile566,S4,DUF3882,PF07066.6,PF07066,Lactococcus phage M3 protein,"families are often found in phage genomes, some function known",phage genome associated,FALSE,FALSE
profile567,S4,DUF550,PF04447.7,PF04447,Protein of unknown function (DUF550),"families are often found in phage genomes, some function known",phage genome associated,FALSE,FALSE
profile568,S4,DUF551,PF04448.7,PF04448,Protein of unknown function (DUF551),"families are often found in phage genomes, some function known",phage genome associated,FALSE,FALSE
profile569,S4,DUF637,PF04830.8,PF04830,Possible hemagglutinin (DUF637),"families are often found in phage genomes, some function known",phage genome associated,FALSE,FALSE
profile570,S4,DUF669,PF05037.8,PF05037,Protein of unknown function (DUF669),"families are often found in phage genomes, some function known",phage genome associated,FALSE,FALSE
profile571,S4,DUF739,PF05339.6,PF05339,Protein of unknown function (DUF739),"families are often found in phage genomes, some function known",phage genome associated,FALSE,FALSE
profile572,S4,DUF771,PF05595.6,PF05595,Domain of unknown function (DUF771),"families are often found in phage genomes, some function known",phage genome associated,FALSE,FALSE
profile573,S4,DUF826,PF05696.6,PF05696,Protein of unknown function (DUF826),"families are often found in phage genomes, some function known",phage genome associated,FALSE,FALSE
profile574,S4,DUF867,PF05908.6,PF05908,Protein of unknown function (DUF867),"families are often found in phage genomes, some function known",phage genome associated,FALSE,FALSE
profile575,S4,DUF955,PF06114.8,PF06114,Domain of unknown function (DUF955),"families are often found in phage genomes, some function known",phage genome associated,FALSE,FALSE
profile576,S4,Endonuc-dimeris,PF09124.5,PF09124,T4 recombination endonuclease VII  dimerisation,"families are often found in phage genomes, some function known",phage genome associated,FALSE,FALSE
profile577,S4,Endonuclease_7,PF02945.10,PF02945,Recombination endonuclease VII,"families are often found in phage genomes, some function known",phage genome associated,FALSE,FALSE
profile578,S4,End_beta_barrel,PF12195.3,PF12195,Beta barrel domain of bacteriophage endosialidase,"families are often found in phage genomes, some function known",phage genome associated,FALSE,FALSE
profile579,S4,gp32,PF08804.5,PF08804,gp32 DNA binding protein like,"families are often found in phage genomes, some function known",phage genome associated,FALSE,FALSE
profile580,S4,Gp49,PF05973.9,PF05973,Phage derived protein Gp49-like (DUF891),"families are often found in phage genomes, some function known",phage genome associated,FALSE,FALSE
profile581,S4,GtrA,PF04138.9,PF04138,GtrA-like protein,"families are often found in phage genomes, some function known",phage genome associated,FALSE,FALSE
profile582,S4,KilA-N,PF04383.8,PF04383,KilA-N domain,"families are often found in phage genomes, some function known",phage genome associated,FALSE,FALSE
profile583,S4,Lambda_CIII,PF02061.11,PF02061,Lambda Phage CIII,"families are often found in phage genomes, some function known",phage genome associated,FALSE,FALSE
profile584,S4,Lambda_Kil,PF06301.6,PF06301,Bacteriophage lambda Kil protein,"families are often found in phage genomes, some function known",phage genome associated,FALSE,FALSE
profile585,S4,Lipoprotein_Ltp,PF07553.6,PF07553,Host cell surface-exposed lipoprotein,"families are often found in phage genomes, some function known",phage genome associated,FALSE,FALSE
profile586,S4,Mor,PF08765.6,PF08765,Mor transcription activator family,"families are often found in phage genomes, some function known",phage genome associated,FALSE,FALSE
profile587,S4,Mu-like_Com,PF10122.4,PF10122,Mu-like prophage protein Com,"families are often found in phage genomes, some function known",phage genome associated,FALSE,FALSE
profile588,S4,NinB,PF05772.7,PF05772,NinB protein,"families are often found in phage genomes, some function known",phage genome associated,FALSE,FALSE
profile589,S4,NinE,PF05322.6,PF05322,NINE Protein,"families are often found in phage genomes, some function known",phage genome associated,FALSE,FALSE
profile590,S4,NinF,PF05810.7,PF05810,NinF protein,"families are often found in phage genomes, some function known",phage genome associated,FALSE,FALSE
profile591,S4,NinG,PF05766.7,PF05766,Bacteriophage Lambda NinG protein,"families are often found in phage genomes, some function known",phage genome associated,FALSE,FALSE
profile592,S4,NUMOD1,PF07453.8,PF07453,NUMOD1 domain,"families are often found in phage genomes, some function known",phage genome associated,FALSE,FALSE
profile593,S4,ocr,PF08684.5,PF08684,DNA mimic ocr,"families are often found in phage genomes, some function known",phage genome associated,FALSE,FALSE
profile594,S4,Ogr_Delta,PF04606.7,PF04606,Ogr/Delta-like zinc finger,"families are often found in phage genomes, some function known",phage genome associated,FALSE,FALSE
profile595,S4,ORF11CD3,PF10549.4,PF10549,ORF11CD3 domain,"families are often found in phage genomes, some function known",phage genome associated,FALSE,FALSE
profile596,S4,ORF6C,PF10552.4,PF10552,ORF6C domain,"families are often found in phage genomes, some function known",phage genome associated,FALSE,FALSE
profile597,S4,ORF6N,PF10543.4,PF10543,ORF6N domain,"families are often found in phage genomes, some function known",phage genome associated,FALSE,FALSE
profile598,S4,P22_AR_C,PF10548.4,PF10548,P22AR C-terminal domain,"families are often found in phage genomes, some function known",phage genome associated,FALSE,FALSE
profile599,S4,P22_AR_N,PF10547.4,PF10547,P22_AR N-terminal domain,"families are often found in phage genomes, some function known",phage genome associated,FALSE,FALSE
profile600,S4,Peptidase_M15_3,PF08291.6,PF08291,Peptidase M15,"families are often found in phage genomes, some function known",phage genome associated,FALSE,FALSE
profile601,S4,Peptidase_U49,PF10463.4,PF10463,Peptidase U49,"families are often found in phage genomes, some function known",phage genome associated,FALSE,FALSE
profile602,S4,Phage_1_1,PF08200.6,PF08200,Bacteriophage 1.1 Protein,"families are often found in phage genomes, some function known",phage genome associated,FALSE,FALSE
profile603,S4,Phage_AlpA,PF05930.7,PF05930,Prophage CP4-57 regulatory protein (AlpA),"families are often found in phage genomes, some function known",phage genome associated,FALSE,FALSE
profile604,S4,Phage_antitermQ,PF06530.7,PF06530,Phage antitermination protein Q,"families are often found in phage genomes, some function known",phage genome associated,FALSE,FALSE
profile605,S4,Phage_antiter_Q,PF06323.6,PF06323,Phage antitermination protein Q,"families are often found in phage genomes, some function known",phage genome associated,FALSE,FALSE
profile606,S4,Phage_ASH,PF10554.4,PF10554,Ash protein family,"families are often found in phage genomes, some function known",phage genome associated,FALSE,FALSE
profile607,S4,Phage_CII,PF05269.6,PF05269,Bacteriophage CII protein,"families are often found in phage genomes, some function known",phage genome associated,FALSE,FALSE
profile608,S4,Phage_Cox,PF10743.4,PF10743,Regulatory phage protein cox,"families are often found in phage genomes, some function known",phage genome associated,FALSE,FALSE
profile609,S4,Phage_CP76,PF06892.6,PF06892,Phage regulatory protein CII (CP76),"families are often found in phage genomes, some function known",phage genome associated,FALSE,FALSE
profile610,S4,Phage_endo_I,PF05367.6,PF05367,Phage endonuclease I,"families are often found in phage genomes, some function known",phage genome associated,FALSE,FALSE
profile611,S4,Phage_Gp111,PF07410.6,PF07410,Streptococcus thermophilus bacteriophage Gp111 protein,"families are often found in phage genomes, some function known",phage genome associated,FALSE,FALSE
profile612,S4,Phage_NinH,PF06322.6,PF06322,Phage NinH protein,"families are often found in phage genomes, some function known",phage genome associated,FALSE,FALSE
profile613,S4,Phage_pRha,PF09669.5,PF09669,Phage regulatory protein Rha (Phage_pRha),"families are often found in phage genomes, some function known",phage genome associated,FALSE,FALSE
profile614,S4,Phage_Treg,PF04761.7,PF04761,Lactococcus bacteriophage putative transcription regulator,"families are often found in phage genomes, some function known",phage genome associated,FALSE,FALSE
profile615,S4,phiKZ_IP,PF12699.2,PF12699,phiKZ-like phage internal head proteins,"families are often found in phage genomes, some function known",phage genome associated,FALSE,FALSE
profile616,S4,Psu,PF07455.6,PF07455,Phage polarity suppression protein (Psu),"families are often found in phage genomes, some function known",phage genome associated,FALSE,FALSE
profile617,S4,REGB_T4,PF10715.4,PF10715,Endoribonuclease RegB T4-bacteriophage encoded,"families are often found in phage genomes, some function known",phage genome associated,FALSE,FALSE
profile618,S4,Repressor_Mnt,PF11423.3,PF11423,Regulatory protein Mnt,"families are often found in phage genomes, some function known",phage genome associated,FALSE,FALSE
profile619,S4,RinB,PF06116.7,PF06116,Transcriptional activator RinB,"families are often found in phage genomes, some function known",phage genome associated,FALSE,FALSE
profile620,S4,RNaseH_C,PF09293.5,PF09293,T4 RNase H  C terminal,"families are often found in phage genomes, some function known",phage genome associated,FALSE,FALSE
profile621,S4,RusA,PF05866.6,PF05866,Endodeoxyribonuclease RusA,"families are often found in phage genomes, some function known",phage genome associated,FALSE,FALSE
profile622,S4,SinI,PF08671.5,PF08671,Anti-repressor SinI,"families are often found in phage genomes, some function known",phage genome associated,FALSE,FALSE
profile623,S4,T5orf172,PF10544.4,PF10544,T5orf172 domain,"families are often found in phage genomes, some function known",phage genome associated,FALSE,FALSE
profile624,S4,YjcQ,PF09639.5,PF09639,YjcQ protein,"families are often found in phage genomes, some function known",phage genome associated,FALSE,FALSE
profile625,S4,DUF3983,PF13137.1,PF13137,Protein of unknown function (DUF3983),"families are often found in phage genomes, some function known",phage genome associated,FALSE,FALSE
profile626,S4,DUF4065,PF13274.1,PF13274,Protein of unknown function (DUF4065),"families are often found in phage genomes, some function known",phage genome associated,FALSE,FALSE
profile627,S4,DUF4123,PF13503.1,PF13503,Domain of unknown function (DUF4123),"families are often found in phage genomes, some function known",phage genome associated,FALSE,FALSE
profile628,S4,DUF4145,PF13643.1,PF13643,Domain of unknown function (DUF4145),"families are often found in phage genomes, some function known",phage genome associated,FALSE,FALSE
profile629,S4,DUF4326,PF14216.1,PF14216,Domain of unknown function (DUF4326),"families are often found in phage genomes, some function known",phage genome associated,FALSE,FALSE
profile630,S4,DUF4406,PF14359.1,PF14359,Domain of unknown function (DUF4406),"families are often found in phage genomes, some function known",phage genome associated,FALSE,FALSE
profile631,S4,DUF4417,PF14386.1,PF14386,Domain of unknown function (DUF4417),"families are often found in phage genomes, some function known",phage genome associated,FALSE,FALSE
profile632,S4,Ead_Ea22,PF13935.1,PF13935,Ead/Ea22-like protein,"families are often found in phage genomes, some function known",phage genome associated,FALSE,FALSE
profile633,S4,HTH_39,PF14090.1,PF14090,Helix-turn-helix domain,"families are often found in phage genomes, some function known",phage genome associated,FALSE,FALSE
profile634,S4,Imm_superinfect,PF14373.1,PF14373,Superinfection immunity protein,"families are often found in phage genomes, some function known",phage genome associated,FALSE,FALSE
profile635,S4,Phage_gp49_66,PF13876.1,PF13876,Phage protein (N4 Gp49/phage Sf6 gene 66) family,"families are often found in phage genomes, some function known",phage genome associated,FALSE,FALSE
profile636,S4,SHOCT,PF09851.4,PF09851,Short C-terminal domain,"families are often found in phage genomes, some function known",phage genome associated,FALSE,FALSE
profile638,S4,U_Tum,U_Tum,U_Tum,U_Tum,"families are often found in phage genomes, some function known",phage genome associated,TRUE,TRUE
profile639,S4,U_BI_N1,U_BI_N1,U_BI_N1,U_BI_N1,"families are often found in phage genomes, some function known",phage genome associated,TRUE,TRUE
profile640,S4,U_PO_Ecli,U_PO_Ecli,U_PO_Ecli,U_PO_Ecli,"families are often found in phage genomes, some function known",phage genome associated,TRUE,TRUE
profile641,68,DUF876,PF05936.7,PF05936,Bacterial protein of unknown function (DUF876),"",Type VI secretion,FALSE,FALSE
profile642,SE,PAAR_motif,PF05488.8,PF05488,PAAR motif,Spike tip,"Myophage, T6SS, PVC",FALSE,FALSE
profile643,SE,DUF4150,PF13665.1,PF13665,Domain of unknown function (DUF4150),Spike tip,"Myophage, T6SS, PVC",FALSE,FALSE
profile644,SE,DUF4280,PF14107.1,PF14107,Domain of unknown function (DUF4280),Spike tip,"Myophage, T6SS, PVC",FALSE,FALSE
profile645,6C,T6SS-SciN,PF12790.2,PF12790,Type VI secretion lipoprotein,SciN,Type VI secretion,FALSE,FALSE
profile646,T3,CesT,PF05932.8,PF05932,Tir chaperone protein (CesT) family,Type III secretion,"",FALSE,FALSE
profile647,T3,Chaperone_III,PF07824.7,PF07824,Type III secretion chaperone domain,Type III secretion,"",FALSE,FALSE
profile648,T3,EspA,PF03433.8,PF03433,EspA-like secreted protein,Type III secretion,"",FALSE,FALSE
profile649,T3,Flg_hook,PF02120.11,PF02120,Flagellar hook-length control protein FliK,Type III secretion,"",FALSE,FALSE
profile650,T3,LcrR,PF09621.5,PF09621,Type III secretion system regulator (LcrR),Type III secretion,"",FALSE,FALSE
profile651,T3,TTSSLRR,PF12468.3,PF12468,Type III secretion system leucine rich repeat protein,Type III secretion,"",FALSE,FALSE
profile652,T3,Type_III_YscG,PF09477.5,PF09477,Bacterial type II secretion system chaperone protein (type_III_yscG),Type III secretion,"",FALSE,FALSE
profile653,T3,YscJ_FliF,PF01514.12,PF01514,Secretory protein of YscJ/FliF family,Type III secretion,"",FALSE,FALSE
profile654,T3,SopA_C,PF13979.1,PF13979,SopA-like catalytic domain,Type III secretion,"",FALSE,FALSE
profile655,T3,T3SS_LEE_assoc,PF13327.1,PF13327,Type III secretion system subunit,Type III secretion,"",FALSE,FALSE
profile656,PS,DUF2824,PF11039.3,PF11039,Protein of unknown function (DUF2824),Podophage tail,Podophage,FALSE,FALSE
profile657,PS,Head_binding,PF09008.5,PF09008,Head binding,Podophage tail,Podophage,FALSE,FALSE
profile658,PS,P22_Tail-4,PF11650.3,PF11650,P22 tail accessory factor,Podophage tail,Podophage,FALSE,FALSE
profile659,PS,PhageP22-tail,PF09251.5,PF09251,Salmonella phage P22 tail-spike,Podophage tail,Podophage,FALSE,FALSE
profile660,PS,Phage_stabilise,PF11134.3,PF11134,Phage stabilisation protein,Podophage tail,Podophage,FALSE,FALSE
profile661,PS,Phage_T7_tail,PF03906.9,PF03906,Phage T7 tail fibre protein,Podophage tail,Podophage,FALSE,FALSE
profile662,PS,VirionAssem_T7,PF11653.3,PF11653,Bacteriophage T7 virion assembly protein,Podophage tail,Podophage,FALSE,FALSE
profile663,PS,U_Sf6_gp9,U_Sf6_gp9,U_Sf6_gp9,U_Sf6_gp9,Podophage tail,Podophage,TRUE,TRUE
profile664,PS,U_Sf6_gp11,U_Sf6_gp11,U_Sf6_gp11,U_Sf6_gp11,Podophage tail,Podophage,TRUE,TRUE
profile665,EP,Dyp_perox,PF04261.7,PF04261,Dyp-type peroxidase family,Encapsulin cargo,"",FALSE,FALSE
profile666,EP,Ferritin,PF00210.19,PF00210,Ferritin-like domain,Encapsulin cargo,"",FALSE,FALSE
profile667,EP,Hemerythrin,PF01814.18,PF01814,Hemerythrin HHE cation binding domain,Encapsulin cargo,"",FALSE,FALSE
profile668,EP,Rubrerythrin,PF02915.12,PF02915,Rubrerythrin,Encapsulin cargo,"",FALSE,FALSE
profile669,EP,U_COG3461,U_COG3461,U_COG3461,U_COG3461,Encapsulin cargo,"",TRUE,TRUE
profile670,EP,U_COG3461-2,U_COG3461-2,U_COG3461-2,U_COG3461-2,Encapsulin cargo,"",TRUE,TRUE
profile672,HO,DUF1469,PF07332.6,PF07332,Protein of unknown function (DUF1469),Holin,"not phage-specific, maybe not holin-huge family",FALSE,FALSE
profile673,HO,DUF2762,PF10960.3,PF10960,Protein of unknown function (DUF2762),Holin,phage-specific,FALSE,FALSE
profile674,HO,DUF360,PF04020.8,PF04020,Membrane protein of unknown function,Holin,"not phage-specific, maybe not holin-huge family",FALSE,FALSE
profile675,HO,DUF754,PF05449.6,PF05449,Protein of unknown function (DUF754),Holin,phage-specific,FALSE,FALSE
profile676,HO,Holin_BlyA,PF05102.7,PF05102,holin  BlyA family,Holin,not a holin,FALSE,FALSE
profile677,HO,Holin_LLH,PF09682.5,PF09682,Phage holin protein (Holin_LLH),Holin,phage-specific,FALSE,FALSE
profile678,HO,LrgA,PF03788.9,PF03788,LrgA family,Holin,"not phage-specific, rarely if ever a holin",FALSE,FALSE
profile679,HO,Lysis_S,PF04971.7,PF04971,Lysis protein S,Holin,phage-specific,FALSE,FALSE
profile680,HO,Phage_holin,PF04688.8,PF04688,Phage lysis protein  holin,Holin,phage-specific,FALSE,FALSE
profile681,HO,Phage_holin_1,PF04531.8,PF04531,Bacteriophage holin,Holin,phage-specific,FALSE,FALSE
profile682,HO,Phage_holin_2,PF04550.7,PF04550,Phage holin family 2,Holin,phage-specific,FALSE,FALSE
profile683,HO,Phage_holin_3,PF05106.7,PF05106,Phage holin family (Lysis protein S),Holin,phage-specific,FALSE,FALSE
profile684,HO,Phage_holin_4,PF05105.7,PF05105,Holin family,Holin,phage-specific,FALSE,FALSE
profile685,HO,Phage_holin_5,PF06946.6,PF06946,Phage holin,Holin,phage-specific,FALSE,FALSE
profile686,HO,Phage_holin_6,PF10746.4,PF10746,Phage holin family 6,Holin,phage-specific,FALSE,FALSE
profile687,HO,Phage_holin_T,PF11031.3,PF11031,Bacteriophage T holin,Holin,phage-specific,FALSE,FALSE
profile688,HO,DUF4063,PF13272.1,PF13272,Protein of unknown function (DUF4063),Holin,phage-specific,FALSE,FALSE
profile689,26,T4_baseplate,PF12322.3,PF12322,T4 bacteriophage base plate protein,T4 gp26,T4-like,FALSE,FALSE
profile690,RZ,DUF2514,PF10721.4,PF10721,Protein of unknown function (DUF2514),Spannin,"",FALSE,FALSE
profile691,RZ,DUF2570,PF10828.3,PF10828,Protein of unknown function (DUF2570),Spannin,"",FALSE,FALSE
profile692,RZ,DUF2730,PF10805.3,PF10805,Protein of unknown function (DUF2730),Spannin,"",FALSE,FALSE
profile693,RZ,Phage_lysis,PF03245.8,PF03245,Bacteriophage lysis protein,Spannin,"",FALSE,FALSE
profile694,RZ,Rz1,PF06085.6,PF06085,Lipoprotein Rz1 precursor,Spannin,"",FALSE,FALSE
profile695,A6,U_AFP6,U_AFP6,U_AFP6,U_AFP6,"",PVC,TRUE,TRUE
profile696,A6,U_AFP6-2,U_AFP6-2,U_AFP6-2,U_AFP6-2,"",PVC,TRUE,TRUE
profile697,A4,U_Afp14-C,U_Afp14-C,U_Afp14-C,U_Afp14-C,"",PVC,TRUE,TRUE
profile699,PV,U_PVC_PutFib2,U_PVC_PutFib2,U_PVC_PutFib2,U_PVC_PutFib2,"",PVC,TRUE,TRUE
profile700,TV,C4dic_mal_tran,PF03595.12,PF03595,C4-dicarboxylate transporter/malic acid transport protein,Toxins,"",FALSE,FALSE
profile701,TV,Diphtheria_C,PF02763.9,PF02763,Diphtheria toxin  C domain,Toxins,"",FALSE,FALSE
profile702,TV,DUF2136,PF09907.4,PF09907,Uncharacterized protein conserved in bacteria (DUF2136),Toxins,"",FALSE,FALSE
profile703,TV,ETX_MTX2,PF03318.8,PF03318,Clostridium epsilon toxin ETX/Bacillus mosquitocidal toxin MTX2,Toxins,"",FALSE,FALSE
profile704,TV,Leukocidin,PF07968.7,PF07968,Leukocidin/Hemolysin toxin family,Toxins,"",FALSE,FALSE
profile705,TV,Peptidase_M27,PF01742.12,PF01742,Clostridial neurotoxin zinc protease,Toxins,"",FALSE,FALSE
profile706,TV,RIP,PF00161.14,PF00161,Ribosome inactivating protein,Toxins,"",FALSE,FALSE
profile707,TV,SecIII_SopE_N,PF05364.9,PF05364,Salmonella type III secretion SopE effector N-terminus,Toxins,"",FALSE,FALSE
profile708,TV,SLT_beta,PF02258.11,PF02258,Shiga-like toxin beta subunit,Toxins,"",FALSE,FALSE
profile709,TV,SopE_GEF,PF07487.8,PF07487,SopE GEF domain,Toxins,"",FALSE,FALSE
profile710,TV,Staphylokinase,PF02821.11,PF02821,Staphylokinase/Streptokinase family,Toxins,"",FALSE,FALSE
profile711,TV,Stap_Strp_toxin,PF01123.15,PF01123,Staphylococcal/Streptococcal toxin  OB-fold domain,Toxins,"",FALSE,FALSE
profile712,TV,Toxin_R_bind_N,PF07953.7,PF07953,Clostridium neurotoxin  N-terminal receptor binding,Toxins,"",FALSE,FALSE
profile713,TV,Toxin_trans,PF07952.7,PF07952,Clostridium neurotoxin  Translocation domain,Toxins,"",FALSE,FALSE
profile714,TV,SymE_toxin,PF08845.5,PF08845,Toxin SymE  type I toxin-antitoxin system,Toxins,"",FALSE,FALSE
profile715,SAM,DUF1071,PF06378.6,PF06378,Protein of unknown function (DUF1071),Phage recombination proteins,"",FALSE,FALSE
profile716,SAM,DUF1351,PF07083.6,PF07083,Protein of unknown function (DUF1351),Phage recombination proteins,"",FALSE,FALSE
profile717,SAM,DUF2800,PF10926.3,PF10926,Protein of unknown function (DUF2800),Phage recombination proteins,"",FALSE,FALSE
profile718,SAM,DUF2815,PF10991.3,PF10991,Protein of unknown function (DUF2815),Phage recombination proteins,"",FALSE,FALSE
profile719,SAM,DUF3799,PF12684.2,PF12684,PDDEXK-like domain of unknown function (DUF3799),Phage recombination proteins,"",FALSE,FALSE
profile720,SAM,ERF,PF04404.7,PF04404,ERF superfamily,Phage recombination proteins,"",FALSE,FALSE
profile721,SAM,Gam,PF06064.6,PF06064,Host-nuclease inhibitor protein Gam,Phage recombination proteins,"",FALSE,FALSE
profile722,SAM,Phage_Mu_Gam,PF07352.7,PF07352,Bacteriophage Mu Gam like protein,Phage recombination proteins,"",FALSE,FALSE
profile723,SAM,RecT,PF03837.9,PF03837,RecT family,Phage recombination proteins,"",FALSE,FALSE
profile724,SAM,Sipho_Gp157,PF05565.6,PF05565,Siphovirus Gp157,Phage recombination proteins,"",FALSE,FALSE
profile725,SAM,YqaJ,PF09588.5,PF09588,YqaJ-like viral recombinase domain,Phage recombination proteins,"",FALSE,FALSE
profile726,SAM,AAA_24,PF13479.1,PF13479,AAA domain,Phage recombination proteins,"",FALSE,FALSE
profile727,SAM,U_RE-1,U_RE-1,U_RE-1,U_RE-1,Phage recombination proteins,"",TRUE,TRUE
profile728,6H,DUF2169,PF09937.4,PF09937,Uncharacterized protein conserved in bacteria (DUF2169),"",Type VI secretion,FALSE,FALSE
profile729,6H,TIGR03354,TIGR03354,TIGR03354,"","",Type VI secretion,FALSE,FALSE
profile730,6E,ImpE,PF07024.8,PF07024,ImpE protein,"",Type VI secretion,FALSE,FALSE
profile731,1F,Cas_Cas1,PF01867.11,PF01867,CRISPR associated protein Cas1,"",CRISPR,FALSE,FALSE
profile732,1F,Cas_Csy1,PF09611.5,PF09611,CRISPR-associated protein (Cas_Csy1),"",I-F CRISPR,FALSE,FALSE
profile733,1F,Cas_Csy2,PF09614.5,PF09614,CRISPR-associated protein (Cas_Csy2),"",I-F CRISPR,FALSE,FALSE
profile734,1F,Cas_Csy3,PF09615.5,PF09615,CRISPR-associated protein (Cas_Csy3),"",I-F CRISPR,FALSE,FALSE
profile735,1F,Cas_Csy4,PF09618.5,PF09618,CRISPR-associated protein (Cas_Csy4),"",I-F CRISPR,FALSE,FALSE
profile736,1F,TIGR02562,TIGR02562,TIGR02562,"","",I-F CRISPR,FALSE,FALSE
profile737,1F,TIGR02564,TIGR02564,TIGR02564,"","",I-F CRISPR,FALSE,FALSE
profile738,4P,Competence_A,PF11104.3,PF11104,Competence protein A,"",Type IV Pilus,FALSE,FALSE
profile739,4P,DiS_P_DiS,PF06750.8,PF06750,Bacterial Peptidase A24 N-terminal domain,"",Type IV Pilus,FALSE,FALSE
profile740,4P,Fimbrial,PF00419.15,PF00419,Fimbrial protein,"",Type IV Pilus,FALSE,FALSE
profile741,4P,Pilin,PF00114.14,PF00114,Pilin (bacterial filament),"",Type IV Pilus,FALSE,FALSE
profile742,4P,Pilin_PilX,PF11530.3,PF11530,Minor type IV pilin  PilX,"",Type IV Pilus,FALSE,FALSE
profile743,4P,Pili_assembly_N,PF00345.15,PF00345,Gram-negative pili assembly chaperone  N-terminal domain,"",Type IV Pilus,FALSE,FALSE
profile744,4P,PilM,PF07419.7,PF07419,PilM,"",Type IV Pilus,FALSE,FALSE
profile745,4P,PilN,PF05137.8,PF05137,Fimbrial assembly protein (PilN),"",Type IV Pilus,FALSE,FALSE
profile746,4P,PilO,PF04350.8,PF04350,Pilus assembly protein  PilO,"",Type IV Pilus,FALSE,FALSE
profile747,4P,PilP,PF04351.8,PF04351,Pilus assembly protein  PilP,"",Type IV Pilus,FALSE,FALSE
profile748,4P,Pilus_PilP,PF11356.3,PF11356,Type IV pilus biogenesis,"",Type IV Pilus,FALSE,FALSE
profile749,4P,Pilin_PilA,PF14245.1,PF14245,Type IV pilin PilA,"",Type IV Pilus,FALSE,FALSE
profile750,4P,PilX,PF13681.1,PF13681,Type IV pilus assembly protein PilX C-term,"",Type IV Pilus,FALSE,FALSE
profile751,4P,T2SE,PF00437.15,PF00437,Type II/IV secretion system protein,"",Type IV Pilus,FALSE,FALSE
profile752,4P,U_TfpO_1,U_TfpO_1,U_TfpO_1,U_TfpO_1,"",Type IV Pilus,TRUE,TRUE
profile754,4P,U_FimA_Pfam,U_FimA_Pfam,U_FimA_Pfam,U_FimA_Pfam,"",Type IV Pilus,TRUE,TRUE
profile755,RP,D5_N,PF08706.6,PF08706,D5 N terminal like,Phage replication proteins,not phage-specific,FALSE,FALSE
profile756,RP,DnaB_C,PF03796.10,PF03796,DnaB-like helicase C terminal domain,Phage replication proteins,not phage-specific,FALSE,FALSE
profile757,RP,DUF3854,PF12965.2,PF12965,Domain of unknown function (DUF3854),Phage replication proteins,not phage-specific,FALSE,FALSE
profile758,RP,DUF927,PF06048.6,PF06048,Domain of unknown function (DUF927),Phage replication proteins,not phage-specific,FALSE,FALSE
profile759,RP,Phage_GPA,PF05840.8,PF05840,Bacteriophage replication gene A protein (GPA),Phage replication proteins,not phage-specific,FALSE,FALSE
profile760,RP,Phage_lambda_P,PF06992.6,PF06992,Replication protein P,Phage replication proteins,not phage-specific,FALSE,FALSE
profile761,RP,Phage_rep_O,PF04492.8,PF04492,Bacteriophage replication protein O,Phage replication proteins,not phage-specific,FALSE,FALSE
profile762,RP,Phage_rep_org_N,PF09681.5,PF09681,N-terminal phage replisome organiser (Phage_rep_org_N),Phage replication proteins,not phage-specific,FALSE,FALSE
profile763,RP,Phg_2220_C,PF09524.5,PF09524,Conserved phage C-terminus (Phg_2220_C),Phage replication proteins,not phage-specific,FALSE,FALSE
profile764,RP,Pox_D5,PF03288.11,PF03288,Poxvirus D5 protein-like,Phage replication proteins,not phage-specific,FALSE,FALSE
profile765,RP,Prim_Zn_Ribbon,PF08273.7,PF08273,Zinc-binding domain of primase-helicase,Phage replication proteins,not phage-specific,FALSE,FALSE
profile766,RP,VirE,PF05272.6,PF05272,Virulence-associated protein E,Phage replication proteins,not phage-specific,FALSE,FALSE
profile767,RP,VirE_N,PF08800.5,PF08800,VirE N-terminal domain,Phage replication proteins,not phage-specific,FALSE,FALSE
profile768,RP,DUF3987,PF13148.1,PF13148,Protein of unknown function (DUF3987),Phage replication proteins,not phage-specific,FALSE,FALSE
profile769,RP,Toprim_2,PF13155.1,PF13155,Toprim-like,Phage replication proteins,not phage-specific,FALSE,FALSE
profile770,RP,Toprim_3,PF13362.1,PF13362,Toprim domain,Phage replication proteins,not phage-specific,FALSE,FALSE
profile771,XI,DUF1233,PF06806.7,PF06806,Putative excisionase (DUF1233),Phage excision,"",FALSE,FALSE
profile772,XI,Exc,PF07825.6,PF07825,Excisionase-like protein,Phage excision,"",FALSE,FALSE
profile773,XI,DUF4224,PF13986.1,PF13986,Domain of unknown function (DUF4224),Phage excision,"",FALSE,FALSE
profile774,CRI,U_Cas9_2C,U_Cas9_2C,U_Cas9_2C,U_Cas9_2C,Pyocin proteins,II-C CRISPR,TRUE,TRUE
profile775,PY,PyocinActivator,PF11112.3,PF11112,Pyocin activator protein PrtN,Pyocin proteins,"",FALSE,FALSE
profile776,PY,U_TR_R-pyocin,U_TR_R-pyocin,U_TR_R-pyocin,U_TR_R-pyocin,Pyocin proteins,"",TRUE,TRUE
profile777,PY,U_F-pyo642,U_F-pyo642,U_F-pyo642,U_F-pyo642,Pyocin proteins,"",TRUE,TRUE
profile778,PY,U_F-pyo641_1,U_F-pyo641_1,U_F-pyo641_1,U_F-pyo641_1,Pyocin proteins,"",TRUE,TRUE
profile779,PY,U_SF_Fpyo,U_SF_Fpyo,U_SF_Fpyo,U_SF_Fpyo,Pyocin proteins,"",TRUE,TRUE
profile780,PY,U_FC1_Fpyo,U_FC1_Fpyo,U_FC1_Fpyo,U_FC1_Fpyo,Pyocin proteins,"",TRUE,TRUE
profile781,PY,U_SFC2_Fpyo,U_SFC2_Fpyo,U_SFC2_Fpyo,U_SFC2_Fpyo,Pyocin proteins,"",TRUE,TRUE
profile782,NE,U_Encap_New1,U_Encap_New1,U_Encap_New1,U_Encap_New1,New encapsulin shell,"",TRUE,TRUE
profile783,1E,Cas_Cas5d,PF09704.5,PF09704,CRISPR-associated protein (Cas_Cas5),"",I-E CRISPR,FALSE,FALSE
profile784,1E,Cas_CT1975,PF09344.5,PF09344,CT1975-like protein,"",I-E CRISPR,FALSE,FALSE
profile785,1E,CRISPR_assoc,PF08798.6,PF08798,CRISPR associated protein,"",I-E CRISPR,FALSE,FALSE
profile786,1E,CRISPR_Cse1,PF09481.5,PF09481,CRISPR-associated protein Cse1 (CRISPR_cse1),"",I-E CRISPR,FALSE,FALSE
profile787,1E,CRISPR_Cse2,PF09485.5,PF09485,CRISPR-associated protein Cse2 (CRISPR_cse2),"",I-E CRISPR,FALSE,FALSE
